,manhattan,tip,dist,speed,pass
26066,1,1,1,1,1
26100,1,3,5,6,1
26354,1,1,6,4,2
26589,2,2,2,2,1
26722,1,4,1,1,1
26793,2,3,3,3,2
27022,1,3,4,5,1
27416,1,5,2,2,1
28621,1,3,1,1,1
29412,1,1,6,5,1
29529,2,4,1,1,3
29628,1,1,6,6,1
29745,2,5,2,2,4
29855,2,1,1,1,1
29871,2,1,2,2,1
30386,1,6,3,4,4
30558,1,1,1,2,2
31053,2,4,6,6,1
31701,2,1,2,2,1
31751,2,1,2,2,2
32053,2,1,1,2,1
32068,2,6,2,2,4
32554,1,5,2,2,3
33698,1,1,6,4,1
34024,1,1,1,1,1
34725,2,3,2,2,1
34929,2,3,2,2,2
34972,2,3,3,2,3
35001,2,4,1,1,2
35649,2,1,2,1,1
36182,1,1,2,1,1
36927,2,5,1,1,4
37287,2,2,1,1,1
38317,2,2,3,2,1
38354,2,1,4,3,4
38522,1,1,5,3,1
38700,1,1,6,4,3
38949,1,2,6,3,1
39170,1,2,4,2,1
39458,1,1,6,2,1
39935,2,3,2,3,1
40112,2,3,2,2,2
40239,2,4,2,2,2
40268,1,2,2,2,1
40394,1,4,6,4,1
40877,2,1,1,2,1
41638,1,2,2,3,1
41986,1,1,3,2,1
42460,2,1,3,1,1
42996,2,1,1,1,1
43236,1,3,2,2,1
43551,2,6,3,2,2
43662,1,1,1,1,3
43994,1,1,6,3,4
44374,1,1,3,1,1
45373,2,3,2,2,3
45515,1,4,1,2,1
46298,1,3,4,4,1
46442,1,1,3,3,1
46663,1,1,1,2,2
46836,1,6,5,5,1
46864,1,1,4,2,1
47241,2,6,1,1,4
48176,2,3,2,2,2
49716,1,2,5,6,3
50392,1,1,5,5,1
50597,2,4,4,3,1
50652,1,2,6,3,1
51822,2,6,6,4,4
52466,2,1,1,1,1
52542,2,2,1,1,1
52596,1,5,6,3,4
52615,1,3,1,1,1
52716,2,1,1,2,1
52725,2,2,1,2,1
53415,2,2,2,2,1
53786,1,1,6,6,1
54248,1,1,2,4,3
55276,2,6,1,2,2
55493,2,2,2,2,1
55597,2,6,3,1,4
55655,2,1,2,1,1
55677,2,3,1,1,2
55703,2,1,4,5,1
55737,2,4,1,1,3
55741,2,3,2,2,1
56828,1,1,1,2,4
57316,1,1,2,2,1
57681,2,1,1,1,1
57972,2,4,1,2,1
58519,1,4,2,2,1
58545,2,6,2,3,4
59087,2,1,5,4,1
59422,1,1,4,6,1
59978,1,2,6,4,1
62407,1,4,5,6,1
62797,2,1,1,1,1
62884,2,3,3,3,1
62927,2,3,1,1,1
62930,1,3,5,4,3
63002,1,6,6,4,4
63165,2,4,1,2,2
63191,2,3,3,2,1
63324,1,1,5,4,1
63938,1,1,4,4,3
64188,1,5,3,6,2
64325,1,6,1,2,1
64836,1,6,2,4,1
64910,1,1,1,1,1
65234,1,1,6,5,2
65646,2,5,1,1,3
65820,2,4,3,2,1
65858,2,1,1,1,1
65965,2,1,2,2,1
66036,2,1,1,1,1
66237,1,3,4,4,1
67213,1,4,2,3,1
67684,1,5,2,1,1
67860,1,2,1,1,1
67981,2,3,1,1,1
68018,2,4,1,1,2
68306,2,1,3,3,2
68917,2,3,1,2,2
69012,1,2,6,4,1
69417,2,2,3,5,2
69549,1,1,3,5,1
69876,1,1,3,6,1
70040,1,3,5,2,1
70452,1,4,5,4,4
70830,2,2,1,1,1
71055,2,1,1,2,1
71066,1,1,6,6,1
71262,2,2,3,2,3
71426,1,1,5,4,1
71676,1,1,6,6,1
72631,1,4,4,3,1
72742,1,5,3,5,1
73160,2,1,1,1,1
73202,2,3,1,1,1
73271,2,1,2,2,1
73424,1,4,1,4,1
73583,2,1,1,2,1
74101,2,1,1,3,1
74175,1,1,1,2,1
74198,1,4,2,3,1
74378,1,4,4,2,1
74882,1,1,4,5,1
75274,1,1,3,6,1
75335,1,5,1,3,2
75754,1,1,2,3,2
76007,2,2,1,1,1
76511,2,1,1,1,1
77175,2,4,1,1,2
78709,2,1,1,1,1
78746,2,3,2,1,2
78750,2,2,2,2,1
79269,1,4,1,1,1
79284,2,2,1,1,2
79784,2,6,4,4,3
79878,1,1,1,2,2
80426,1,1,2,3,1
80892,1,4,6,5,4
81156,2,1,4,3,1
81431,2,4,1,1,1
81487,1,2,6,5,4
81525,2,1,4,2,1
81656,2,4,1,2,2
81726,1,1,3,1,2
82288,1,1,5,4,1
82764,1,4,6,4,1
150959,2,2,2,2,1
151031,2,1,2,2,1
151208,2,1,2,2,1
151734,1,1,1,1,1
151840,1,3,3,2,1
153226,1,1,2,1,2
153252,1,3,6,4,4
153506,1,4,6,5,4
153741,2,5,4,3,1
153773,2,4,2,2,4
153990,2,2,1,1,1
154274,2,3,1,1,1
154298,1,4,5,4,2
154379,1,1,1,2,1
154919,2,1,3,3,1
154999,1,1,4,2,1
155378,1,1,4,3,1
155495,2,1,6,4,1
155498,2,1,6,4,2
155733,1,2,3,2,1
155954,1,1,6,2,2
156180,2,2,2,2,2
156215,2,3,2,2,1
156242,1,2,5,3,1
156397,2,1,2,2,1
156961,1,1,2,1,1
157168,1,1,2,1,1
157682,1,1,4,5,4
158186,1,2,1,2,1
158330,1,1,2,4,1
158967,2,1,3,3,1
159191,2,4,1,1,1
159327,2,1,2,3,1
159349,2,1,1,2,1
159455,2,5,1,1,2
159458,2,1,1,2,1
159490,1,1,1,1,1
159563,1,1,1,1,2
160411,1,3,1,1,1
160917,1,3,3,2,1
161426,1,3,5,3,1
162213,1,1,1,1,1
162224,2,4,2,2,3
162308,1,1,2,1,1
162362,1,3,3,4,2
162468,1,1,3,3,1
163320,1,4,2,6,1
164357,2,3,2,2,1
164457,2,1,2,1,1
164528,2,3,2,2,2
164701,1,1,5,3,1
165157,1,1,1,1,1
165348,1,6,6,4,1
165381,1,4,2,1,1
166015,1,1,2,2,1
166039,1,5,6,3,1
166052,1,1,3,3,3
166518,2,1,1,1,1
166545,2,1,1,1,1
166564,2,1,3,3,1
166588,2,5,1,1,3
166677,1,4,3,2,1
167412,2,1,1,2,1
167463,2,1,2,2,1
168338,1,1,4,5,1
168444,1,1,3,4,2
168514,1,4,1,6,1
168616,1,1,2,4,4
169535,2,3,2,3,1
169682,2,1,1,2,1
170028,1,3,6,5,1
170495,2,1,1,1,1
171748,2,2,3,3,2
171847,1,4,1,1,4
171945,2,3,2,2,2
171949,2,3,1,2,2
172647,2,3,2,2,2
173556,1,2,2,4,2
173916,1,1,4,3,1
174700,2,2,4,3,1
174844,2,3,5,4,1
174941,2,4,1,2,3
175007,2,4,1,2,2
175141,1,1,5,3,1
176062,1,1,1,1,1
176957,2,3,2,1,1
176967,2,3,2,1,1
177263,2,5,1,3,1
177300,1,1,1,1,1
177732,1,1,6,3,1
178076,1,1,2,1,1
178326,2,3,5,5,2
178958,1,1,1,1,1
179028,1,1,5,2,1
179868,2,4,3,2,1
180191,2,6,1,1,4
180236,1,4,2,4,3
181116,1,1,3,2,1
181917,1,1,2,2,4
182037,2,3,2,1,3
182079,2,2,1,1,1
182439,2,2,1,1,1
182980,2,1,1,2,1
182999,2,6,5,4,1
183015,2,3,2,2,1
183924,1,1,2,3,1
184126,1,2,1,3,1
184178,1,1,2,2,1
184832,2,3,2,2,1
185092,2,3,1,2,2
185103,2,1,1,1,1
185231,2,3,1,2,2
185309,2,2,1,1,1
185402,1,2,5,5,1
185985,2,2,2,1,1
186410,1,6,3,4,4
186732,1,1,6,5,1
186837,1,3,3,6,4
187092,1,1,6,4,1
187253,2,2,2,1,1
187355,1,1,2,2,2
187588,2,1,3,2,1
189141,1,1,5,4,3
189429,1,1,2,2,1
190029,2,4,4,3,1
190521,2,1,1,1,1
190594,1,1,1,1,1
190653,1,5,3,4,1
191231,2,1,2,2,1
191629,1,4,3,5,1
191783,2,1,4,4,1
192818,1,4,6,6,1
193288,1,1,1,2,1
193328,2,4,2,2,2
193628,1,1,2,1,1
193832,2,1,3,3,1
193852,2,3,1,1,4
194509,1,2,1,2,1
195462,2,3,1,1,2
195602,2,3,1,2,2
195632,2,1,2,2,1
195677,2,1,1,2,1
195750,2,5,1,1,2
197551,1,1,5,4,4
197722,1,1,1,2,1
197748,1,3,6,4,2
197869,2,2,1,2,2
197980,2,2,2,2,1
198516,2,5,1,2,2
198972,1,1,4,6,1
200090,1,1,6,3,1
201996,1,1,6,6,1
201998,1,1,2,4,1
202375,1,2,5,5,1
202837,2,3,1,2,1
202965,1,1,3,1,1
203052,2,1,1,2,1
203121,2,1,1,2,1
203626,1,4,3,2,1
203741,2,6,1,1,4
203855,1,2,1,2,1
203927,1,4,1,2,1
204200,2,1,4,3,1
204201,2,5,3,4,1
205308,1,1,6,2,2
205884,1,1,6,6,1
205973,2,3,3,2,1
206720,2,1,1,1,1
207300,2,3,6,3,2
207359,2,6,1,2,3
275527,1,5,1,1,2
275899,1,1,1,1,1
275940,1,1,5,5,1
276276,2,3,1,2,1
276431,1,1,1,2,2
277020,1,1,4,4,1
277367,1,1,3,4,4
277380,1,1,1,4,1
277452,1,4,5,5,2
277778,1,1,6,4,1
278361,2,3,1,1,1
278402,2,1,1,2,1
278415,2,1,1,2,1
279180,1,1,6,5,2
279873,2,2,4,4,1
280520,2,1,1,1,1
281980,2,2,1,1,1
283372,2,2,1,2,1
283590,2,3,1,1,2
283659,1,3,1,2,1
283692,2,1,3,2,1
283906,1,4,1,1,1
283960,1,4,3,2,1
284480,2,2,1,1,1
284796,1,3,3,4,4
284978,1,4,3,3,2
285100,2,4,6,3,2
285122,1,4,6,4,1
285554,1,1,6,3,1
285820,2,1,2,1,1
286037,2,1,1,2,1
286055,2,1,2,2,1
286084,2,1,2,3,1
286119,2,4,1,1,3
286615,1,1,2,1,2
286653,2,4,1,2,3
287734,1,3,6,4,1
287930,1,1,2,4,1
288020,1,1,1,1,1
288252,1,1,6,6,1
288532,2,1,5,5,3
288551,2,1,1,1,1
288556,2,6,1,1,3
288770,2,6,1,2,3
288927,2,1,2,3,1
289016,2,5,1,1,3
289058,2,1,1,2,1
289062,2,6,1,1,3
289298,1,1,6,5,1
289548,1,1,6,6,1
289665,2,1,2,1,1
290253,2,4,6,5,1
290303,2,5,2,6,2
290412,1,1,6,6,2
290700,1,1,6,6,1
290889,2,1,1,1,1
290932,2,2,1,1,1
290965,2,2,1,2,1
291002,2,2,1,1,1
291252,2,3,1,2,1
291314,1,1,6,6,1
291458,1,1,4,4,2
291844,2,3,1,2,2
291983,1,3,1,1,1
292367,2,5,6,4,1
292370,2,5,4,4,4
292374,2,4,4,3,2
292970,1,1,1,3,3
293258,1,2,6,3,2
294069,2,5,4,2,4
294205,2,1,2,2,1
294588,1,1,5,5,1
294976,1,1,1,1,1
295294,1,1,1,2,1
295346,1,1,4,4,1
295468,2,5,6,4,1
296072,2,3,1,1,1
296117,2,4,2,1,2
296642,1,3,5,5,1
297512,2,1,4,3,1
298586,1,1,6,6,1
298924,2,4,1,2,2
299100,2,1,3,2,1
299109,2,3,3,2,2
299430,2,1,1,1,1
299628,1,1,6,6,1
300014,1,1,1,1,1
300045,2,4,2,2,2
300087,2,4,1,1,2
300493,1,1,1,1,1
300818,1,1,2,1,1
300826,1,4,5,6,1
301300,2,2,1,1,1
301329,2,4,1,1,2
301620,2,4,1,2,4
301682,1,1,6,4,1
302212,2,1,1,3,1
302234,2,2,3,2,1
302709,2,3,2,3,1
303588,1,4,5,4,1
303626,1,1,6,4,1
304065,2,1,2,2,1
304395,1,1,1,1,1
304500,2,1,1,2,1
304535,2,6,4,3,3
304706,1,4,5,5,1
305855,2,1,2,4,1
306460,2,1,3,2,1
306486,2,2,1,1,1
306557,2,1,3,2,1
306728,2,1,3,2,1
306846,2,1,2,2,1
307318,1,4,2,2,1
308470,1,3,6,6,3
309652,2,1,1,1,1
309653,2,1,3,5,1
309798,2,3,1,1,1
310976,2,1,6,5,1
311546,1,1,5,3,1
311989,2,2,1,2,1
312030,2,2,2,1,1
312560,2,3,3,2,2
312564,2,3,1,2,1
313064,2,3,4,4,1
313490,1,3,5,5,1
313654,1,4,6,6,1
315566,1,1,1,2,1
315597,2,1,2,2,1
315650,1,5,4,3,3
316854,2,2,1,1,1
317097,2,1,3,2,1
317173,2,4,1,2,2
317210,2,3,2,1,2
318026,1,1,4,4,1
318248,2,1,4,4,1
319616,2,2,2,2,1
320901,1,4,2,1,2
321084,1,1,3,6,1
321993,2,2,1,1,1
322065,2,1,1,1,1
322068,2,3,2,2,1
322069,2,5,1,1,3
322138,1,1,1,1,1
322285,2,3,2,2,2
322322,2,1,3,3,1
322983,2,2,2,2,1
324134,1,5,2,3,1
324820,2,1,4,3,1
325062,2,2,1,1,1
325131,1,1,1,3,1
325160,2,2,1,2,1
326700,1,1,6,5,1
327181,2,3,1,1,2
327221,2,3,2,1,1
327508,2,1,4,3,1
328178,1,1,3,3,1
328412,1,1,2,1,1
328658,2,3,4,4,1
328775,1,2,6,4,1
329278,1,1,1,1,1
329652,1,1,5,6,1
330245,2,1,2,2,1
330416,2,1,2,1,1
330458,2,3,2,2,2
330660,1,4,5,3,1
331562,1,6,2,2,2
399241,1,4,1,1,1
400113,2,1,1,2,1
400132,2,3,3,2,1
400664,1,1,2,2,2
400693,2,3,1,2,2
401192,2,1,4,3,1
401508,1,1,6,6,1
401780,1,2,6,4,1
401914,1,1,5,3,1
402573,2,6,4,3,2
403138,1,3,1,1,1
403150,1,4,4,2,2
403210,1,4,1,1,1
403240,1,1,1,2,1
404532,1,1,5,5,1
405053,2,5,2,2,3
405092,1,1,2,2,2
405229,2,1,1,2,1
405434,1,1,2,4,1
405836,1,4,4,2,1
407110,1,1,2,1,1
407412,1,1,6,5,1
407789,2,2,4,2,1
407790,2,1,1,1,1
408196,2,4,2,2,2
408231,2,1,1,2,1
408303,2,5,2,2,3
408368,1,1,1,1,1
408901,2,1,1,2,1
408935,2,3,3,3,1
408982,1,4,2,2,1
409322,1,1,3,3,1
409428,1,2,5,3,2
410023,1,4,2,1,2
410412,2,1,1,2,2
410525,2,1,1,2,1
410535,2,1,1,2,1
410639,1,1,1,2,4
411194,1,1,3,3,1
411333,1,1,5,3,1
411599,2,4,4,4,1
412202,1,6,1,2,3
412471,1,1,2,2,1
412778,1,1,6,2,1
413148,2,1,2,3,1
413301,2,4,4,3,1
413327,2,2,1,2,1
413402,2,6,2,3,4
414657,2,1,6,4,1
415207,1,4,2,1,4
415708,2,1,2,2,1
416306,1,1,2,3,1
416556,1,2,6,4,1
416789,2,4,2,3,1
417170,1,1,4,4,1
417204,1,1,3,5,1
417890,1,1,6,1,4
418516,2,6,1,1,3
418599,2,1,1,2,1
419220,1,1,5,4,1
419309,2,6,1,1,2
419392,1,1,1,1,2
419508,1,1,6,6,2
419690,1,1,3,3,1
419703,1,1,3,2,4
419762,1,3,4,3,3
419796,1,1,5,4,4
419906,1,1,6,3,2
420071,1,1,3,3,1
420410,1,5,6,3,4
420493,2,6,1,1,4
420751,1,3,2,1,1
422021,1,1,1,1,1
422354,1,1,4,3,1
422676,1,3,5,5,1
423700,2,1,1,1,1
424448,2,1,1,1,1
424452,2,1,2,2,1
424490,2,1,1,2,1
424492,2,3,2,2,2
424894,1,1,1,2,1
424980,1,2,5,4,1
425296,1,6,5,4,2
425711,2,2,2,2,1
425973,2,2,1,2,1
426015,2,2,2,3,1
426077,2,4,1,2,3
426078,2,1,2,2,1
426367,1,1,6,5,1
426621,2,4,1,2,2
427206,1,1,1,2,3
427212,1,1,6,5,2
427893,1,1,2,2,1
428525,2,1,4,5,4
429687,2,1,1,1,1
431028,1,1,6,4,4
431183,2,1,4,2,1
431190,2,1,3,3,1
431714,1,1,4,5,1
432296,2,3,4,3,1
432351,2,1,3,4,1
432540,1,1,5,2,4
432866,1,1,5,5,1
433226,1,5,6,4,3
433442,1,4,6,5,1
433446,1,1,2,2,1
433925,2,3,2,2,1
434025,2,2,2,1,2
434101,2,1,1,2,1
434988,1,1,6,6,2
435276,1,1,5,1,2
435708,1,1,6,6,1
436329,2,1,3,2,1
436333,2,4,1,2,4
436921,1,3,2,1,1
436932,1,4,6,3,3
437042,1,3,2,3,1
437064,1,1,4,2,4
437436,1,1,4,3,4
437469,1,1,3,2,1
438848,2,2,2,2,1
439069,2,1,2,1,1
439280,2,1,2,2,1
439319,2,1,4,4,1
439357,2,2,2,2,1
439397,2,3,3,2,1
440446,1,1,1,3,1
440631,2,4,6,5,2
440748,1,2,6,6,1
441074,1,2,6,5,1
442161,2,1,2,3,1
442260,1,3,6,4,2
442404,1,1,3,4,1
443254,1,1,6,6,1
443368,1,4,4,4,1
444261,2,2,3,2,1
444287,2,3,2,3,2
444431,2,6,1,1,4
444465,2,3,2,2,1
444591,2,1,2,2,1
445189,2,2,1,1,1
445630,1,1,1,2,1
445804,2,1,3,2,1
445879,1,4,4,3,1
446037,1,2,3,4,1
446525,2,1,3,2,2
447320,1,1,2,2,3
447344,2,1,2,2,1
447390,2,1,3,2,1
448308,1,1,3,4,1
449474,2,1,1,1,1
449477,2,1,2,1,1
449693,2,1,1,2,1
449720,2,4,1,1,2
450373,2,1,1,1,1
451221,1,4,2,3,1
451298,1,1,5,3,1
451684,2,1,3,3,1
452528,2,1,2,2,1
452738,1,1,4,4,1
452988,1,1,4,3,1
453077,2,1,2,2,1
453492,1,2,3,3,3
453664,1,1,6,6,2
453710,1,1,1,2,1
454682,1,1,6,6,1
454815,2,1,2,2,1
454832,2,1,2,2,1
454833,2,2,2,2,1
454877,2,2,1,1,2
454878,2,1,3,2,1
454917,2,4,3,2,1
454998,1,1,5,3,1
456031,1,1,3,4,1
523750,1,3,2,3,1
524214,2,2,1,2,1
524241,2,3,1,2,1
525108,2,1,1,2,1
525150,2,3,4,3,4
525818,1,1,5,5,3
526178,1,3,5,6,1
526538,1,1,6,4,1
527015,2,1,1,2,1
527375,2,1,1,2,1
527485,2,4,2,2,2
527690,1,1,6,5,4
528661,1,5,3,5,4
528976,1,6,4,4,4
528981,1,4,3,4,1
528987,1,4,1,1,1
529407,2,1,1,2,1
529544,1,3,1,2,2
529775,2,1,3,2,3
529922,1,1,4,5,1
530230,1,1,3,3,1
530277,1,6,2,2,2
530838,2,3,5,3,4
532199,2,1,1,2,1
532380,2,2,2,2,1
532442,1,1,6,5,1
532559,2,3,1,2,1
532738,1,4,1,1,2
532797,1,2,3,4,1
533325,2,1,2,2,1
533863,1,6,3,2,1
533930,2,6,6,4,2
533943,2,4,6,4,2
534591,2,1,1,2,1
534621,2,6,2,3,1
534780,1,1,6,4,1
534916,2,4,2,3,2
535428,1,1,6,4,1
535514,2,1,3,3,1
535704,1,1,2,6,1
535808,1,1,2,2,1
536618,1,4,1,2,1
537156,1,2,6,5,2
537193,1,4,1,2,1
537780,2,2,1,2,2
537994,1,1,1,1,1
538040,1,1,1,2,1
538418,1,3,3,4,1
539316,1,1,5,5,1
539838,2,2,1,2,1
539847,2,3,2,2,2
539862,1,1,2,3,2
540013,2,1,1,2,1
540122,2,1,2,2,1
540598,1,4,2,1,1
540701,2,4,1,2,1
540828,1,2,4,4,1
541260,1,1,6,6,1
541404,1,4,4,4,1
541768,1,1,5,4,1
542930,2,4,1,2,2
543160,1,1,4,4,1
543799,1,4,3,1,3
544261,2,2,6,5,2
544484,1,4,4,3,1
544489,1,4,4,4,1
545095,1,1,1,2,1
545231,2,4,4,4,2
545238,2,1,4,4,1
545815,1,1,2,2,1
545816,1,4,2,3,1
545845,2,3,1,2,2
545940,1,2,6,4,1
545973,1,1,1,2,1
546082,1,1,1,3,1
546914,1,1,5,6,1
547053,1,5,2,2,3
547094,1,4,1,1,1
547498,1,1,3,3,1
548877,2,3,2,2,2
549445,2,4,6,5,1
549938,1,3,6,6,1
550143,2,2,1,2,1
550225,1,4,2,4,2
550244,1,4,3,3,3
550468,2,1,3,3,1
550511,2,1,1,4,1
550980,1,3,6,5,2
551069,2,4,1,2,2
552295,1,1,4,4,3
553261,2,5,3,2,3
553591,1,3,1,2,2
554068,2,6,4,3,3
554527,1,1,3,3,2
555122,1,2,6,5,1
555142,1,4,4,3,1
555199,1,1,1,1,1
555335,2,4,2,3,1
555386,2,4,1,1,2
555463,1,2,1,2,1
555561,2,4,2,2,3
556292,1,5,3,3,1
556327,1,4,4,3,1
557623,1,1,2,2,1
557676,1,1,5,4,4
558588,2,1,4,2,1
558597,2,3,4,3,2
559276,2,1,2,3,1
559863,2,5,5,4,3
560080,1,1,4,5,2
560500,2,4,1,2,2
560570,2,3,1,1,2
560602,1,1,1,2,1
561592,1,5,3,3,1
561818,1,1,5,6,1
562754,1,3,5,5,4
563265,2,1,2,3,1
563277,2,5,4,3,4
563392,1,4,4,4,1
564358,1,1,4,3,1
565036,2,1,5,5,1
565238,1,4,2,6,1
565782,1,1,1,1,2
566066,1,1,6,6,1
566580,2,3,1,2,2
566709,1,1,1,2,4
566734,1,1,3,4,1
566821,1,1,4,6,4
567166,1,2,3,3,1
567173,1,1,1,2,1
567742,1,5,4,6,3
567743,1,1,1,2,2
568166,1,1,1,2,1
568340,1,1,1,4,1
568545,1,1,1,4,1
568884,2,1,1,2,1
568919,2,4,4,5,1
569022,1,6,2,2,4
569613,2,3,2,2,2
571112,2,1,2,3,1
571156,2,1,4,5,1
571415,1,1,4,6,2
571806,2,1,3,4,1
572277,2,3,2,4,1
573674,2,3,2,4,2
574077,2,3,1,2,2
574706,1,1,2,4,1
574797,2,3,2,2,1
575228,1,5,2,4,1
575365,2,2,6,6,1
576052,2,1,1,3,1
576085,2,1,1,3,1
576143,2,1,1,2,1
576252,1,1,5,5,2
576414,2,1,2,3,1
576944,2,5,2,3,4
577503,2,1,3,5,1
577980,1,1,3,5,1
578038,1,3,6,6,1
578110,1,1,2,4,1
578326,1,1,4,5,1
578871,2,3,3,6,2
579176,2,3,2,3,1
579325,2,1,2,4,1
648511,1,1,1,2,4
648585,2,3,1,1,2
648626,2,1,1,1,1
648877,2,5,1,2,3
649082,1,1,4,5,1
649370,1,1,4,2,1
649476,1,4,6,4,3
649752,1,4,1,1,1
649802,1,1,4,3,1
650268,1,1,4,3,4
651060,1,1,6,4,1
651434,2,6,2,3,4
651709,1,1,5,4,4
651869,2,5,1,1,3
652000,1,4,1,2,1
652068,1,1,6,3,1
652212,1,1,6,6,2
652548,2,1,2,2,1
653060,1,1,2,2,1
653133,2,2,6,6,1
653350,1,2,2,4,4
653623,1,1,1,2,1
653671,1,3,2,2,1
653768,2,3,1,1,2
653781,2,4,2,2,2
653931,1,1,4,1,1
653959,1,3,1,1,2
653996,1,5,2,2,2
654098,2,1,3,3,1
654170,2,2,2,2,1
654679,1,4,2,2,2
655252,2,1,5,5,1
655254,2,2,5,4,1
655346,1,1,3,4,4
655831,1,4,6,5,4
655922,1,1,2,3,1
656397,1,4,1,1,4
657013,2,2,1,2,1
657052,2,1,3,4,1
657054,2,1,3,3,1
657135,2,1,2,2,1
658172,1,1,1,1,1
658442,1,1,6,4,2
658810,1,5,1,2,1
659295,2,4,2,2,3
659375,2,4,2,3,1
659810,1,1,3,4,1
659927,2,2,4,2,2
660674,1,1,5,5,1
661303,1,3,2,2,1
661765,2,4,3,2,3
661799,2,2,1,1,1
661977,2,1,1,1,1
662183,2,3,2,3,2
662234,2,6,2,3,3
662310,2,1,1,1,1
662464,1,1,6,3,2
664070,1,1,3,6,1
664111,1,1,4,2,1
664175,2,1,2,3,1
664181,2,3,2,1,3
664199,2,1,3,2,1
664538,2,1,2,1,1
664551,2,2,1,2,1
664668,1,2,4,5,1
665061,1,1,2,2,1
665116,2,1,4,3,2
665580,2,2,2,2,1
666404,1,4,6,3,1
666457,1,1,1,1,1
667490,2,2,1,2,1
667581,1,4,3,2,4
667692,1,1,6,5,1
669362,2,3,1,1,2
669383,2,1,1,1,1
669726,2,1,2,2,1
669924,1,1,6,6,1
670261,2,6,1,3,4
670761,2,3,4,4,2
671437,1,1,1,2,2
672173,2,1,4,5,3
672183,2,3,3,3,2
672678,2,1,1,1,1
672695,2,1,1,1,2
673326,2,1,2,2,1
673741,1,2,1,1,1
674133,1,6,3,4,4
674407,1,1,2,3,1
674508,2,1,2,2,1
674596,2,1,3,4,1
674792,2,4,3,2,3
674797,2,1,1,2,1
675460,2,1,2,2,1
675485,2,1,1,2,1
676260,1,1,6,6,1
676390,1,1,6,5,4
676606,1,1,2,2,1
677529,2,4,1,1,2
677570,2,3,1,2,2
677717,2,2,3,4,1
677786,2,2,2,4,2
678510,2,1,2,2,1
678982,1,1,3,2,2
678996,1,1,5,4,1
679258,1,1,5,4,1
679773,2,2,3,3,1
679976,2,3,3,2,2
680148,1,1,6,6,1
680220,1,1,4,4,1
680599,1,1,2,2,1
680906,1,2,4,3,1
681173,2,1,2,2,1
682501,2,2,3,2,1
682860,2,4,4,3,1
683042,2,2,1,1,1
683063,2,1,2,2,1
684182,1,1,1,1,1
684470,1,1,2,5,1
684916,2,3,1,2,2
684990,2,3,1,2,2
685010,1,3,5,5,1
685082,1,1,6,5,1
685853,2,1,2,2,1
685854,2,4,3,3,1
685874,1,3,2,1,1
685927,1,4,4,3,1
686071,1,1,5,2,4
686357,2,1,2,3,1
686738,1,1,5,6,1
686902,1,5,6,6,4
686974,1,1,1,2,1
687026,1,1,3,4,2
687896,2,2,1,1,1
687900,2,4,3,3,1
687982,1,5,4,6,4
688230,2,1,1,1,1
688293,1,1,1,2,1
689618,1,5,1,2,4
689924,1,4,3,3,1
690349,2,5,1,2,3
690934,1,3,2,2,3
691210,1,1,6,5,1
691327,1,4,3,3,1
691496,2,2,4,4,2
691497,2,4,4,6,2
692722,1,1,2,2,1
693388,2,2,4,5,1
694058,2,1,1,3,1
694442,1,2,3,3,1
694810,1,1,6,4,2
694836,1,1,5,6,1
695317,2,2,1,2,1
695356,2,2,2,2,1
695387,1,1,1,3,1
695432,1,1,1,3,1
695440,1,4,4,3,1
695605,2,3,1,2,2
696176,2,1,3,3,1
696215,2,2,4,4,3
696262,1,1,1,2,1
696525,1,1,2,2,1
697196,1,4,6,5,2
697376,1,3,5,5,1
697860,1,1,6,6,1
698557,2,2,2,2,1
698618,1,2,5,4,1
698708,1,1,3,2,1
699122,1,1,4,5,1
699242,2,6,1,3,4
699300,1,1,6,6,1
699822,2,5,3,3,1
699986,1,1,2,5,1
700006,1,2,2,4,1
700020,1,1,5,6,1
700487,2,1,1,1,1
700942,1,3,4,6,1
701263,1,1,6,5,1
701404,2,3,4,4,4
701498,1,1,2,4,1
701564,1,1,1,3,1
701806,1,2,6,6,1
702646,1,1,1,3,1
703461,2,1,3,3,1
703638,2,6,1,1,2
703811,1,1,1,2,1
704900,1,1,2,3,1
704918,1,1,1,3,4
772452,1,1,6,4,1
773039,2,2,2,2,1
773156,1,4,3,3,3
773380,2,2,2,3,1
774064,1,1,3,2,4
774218,1,3,4,3,2
774460,2,5,1,3,1
775188,1,1,5,4,1
775370,1,3,6,3,1
775658,1,3,6,3,1
775852,2,4,1,2,2
776029,2,4,2,1,2
776172,2,3,4,3,1
776181,2,3,4,2,1
776241,2,4,2,2,2
776416,1,4,1,1,1
776556,1,1,6,5,1
777754,1,4,5,3,1
778096,1,5,5,4,4
778106,1,5,6,3,3
779074,1,1,4,2,4
779080,1,1,1,2,1
779124,2,3,1,1,2
779258,1,2,3,2,2
779294,1,1,1,3,1
780885,1,2,3,1,4
781308,1,1,6,4,2
781642,1,1,1,1,1
782164,2,4,3,2,1
782189,2,1,1,1,1
782990,1,3,5,4,1
783578,1,1,5,2,1
783888,1,1,1,1,1
784853,2,1,2,1,1
785268,1,1,2,5,1
785398,1,1,6,3,1
786189,2,1,4,2,1
786221,2,1,4,4,1
786434,2,1,1,1,1
786750,1,1,2,2,1
786861,1,1,1,2,2
787328,2,4,1,1,2
787789,1,5,3,2,4
787790,1,1,1,2,1
787950,2,4,4,2,2
787970,1,4,6,3,1
788176,1,3,5,3,1
788565,2,2,2,2,1
788625,2,5,1,1,2
788669,2,1,2,1,1
788724,1,1,6,3,1
788841,2,4,2,2,1
788956,2,3,2,1,2
789050,1,4,3,2,4
789444,1,2,6,3,1
791581,2,4,2,1,3
791759,2,4,1,1,3
791869,2,1,2,2,1
791909,2,4,3,2,1
793127,2,2,6,3,1
793791,2,6,1,1,4
793813,2,3,1,1,2
793850,2,4,1,1,2
793946,1,4,6,3,1
794024,2,3,3,2,3
794617,1,1,1,1,1
794676,2,1,1,1,2
794845,1,1,2,3,2
795564,1,1,6,5,1
796815,2,4,1,2,2
796989,2,1,1,1,1
797546,1,4,4,3,1
797697,2,1,2,1,1
798273,2,5,6,5,2
798335,2,1,2,3,1
798964,2,2,1,1,1
798966,2,4,1,1,2
799038,2,2,1,1,1
799209,2,3,3,3,2
799418,1,2,3,4,1
799831,1,2,2,3,3
800015,1,1,1,1,1
800028,1,1,3,2,1
800962,1,4,2,6,1
801036,1,4,5,3,1
801094,1,1,3,2,1
801506,1,1,6,3,2
801772,2,2,2,2,2
801964,2,1,5,5,1
803182,1,6,5,3,1
803456,2,4,6,5,3
803719,1,2,5,6,1
804148,2,2,1,1,1
804149,2,1,2,1,1
804708,1,1,5,4,1
805029,1,1,1,2,2
805126,1,4,1,2,4
805356,1,4,5,4,1
805637,1,1,1,1,1
806122,1,5,6,4,2
806146,1,4,1,3,1
806167,1,4,6,5,1
806278,1,4,3,3,1
806293,1,2,2,3,1
807348,2,1,1,1,1
807608,1,4,1,1,1
808109,2,4,1,1,2
808543,1,6,3,2,4
808562,1,1,2,4,1
808645,2,5,6,5,3
808870,1,1,2,4,1
809423,2,3,1,2,1
809581,2,3,1,2,2
809618,2,3,2,3,1
809694,2,3,2,2,1
809892,1,1,6,6,2
810684,1,1,5,2,1
810772,2,2,4,4,3
811639,1,1,2,1,4
812162,1,1,5,4,1
812313,2,1,1,1,1
812772,1,4,5,4,1
813252,2,3,2,2,1
813311,2,1,1,1,1
813349,1,4,5,3,1
814087,1,4,5,5,1
814517,2,3,2,1,2
814545,2,1,1,1,1
814586,2,2,1,1,1
814805,2,2,1,1,1
814871,2,4,3,2,1
816515,1,1,2,2,1
817285,2,3,3,2,1
817325,2,1,4,3,1
817335,2,4,3,4,3
817535,2,1,2,3,1
817684,2,2,1,2,1
817751,2,4,4,4,1
817784,2,1,1,1,1
817839,2,1,2,2,1
818433,2,1,2,1,1
818878,1,2,1,2,2
818950,1,1,6,4,4
819108,1,1,6,6,1
819578,1,1,6,5,1
819728,2,5,1,1,3
819783,2,2,2,1,1
819944,2,5,3,2,4
820029,2,1,1,2,1
820071,2,3,1,1,1
820631,2,3,4,3,2
821686,1,1,6,6,2
821773,1,4,3,5,2
822484,2,1,5,2,1
823682,1,1,5,3,1
824770,1,1,3,4,1
824916,2,2,3,2,1
826236,1,1,3,5,1
826325,2,1,2,3,1
826408,1,1,3,2,1
826596,1,1,6,3,2
828506,1,1,6,4,1
828846,2,2,2,1,1
897012,1,6,5,4,4
897300,1,1,6,5,4
897492,2,4,2,1,4
897532,2,2,1,1,1
897596,1,1,2,1,1
897634,1,4,1,2,2
898328,1,4,2,2,3
898352,2,6,2,2,4
898407,2,2,2,2,1
898503,1,4,1,1,4
899172,1,1,6,5,1
899493,1,4,6,4,1
899604,1,1,6,3,1
899983,1,4,4,2,4
900002,1,2,6,3,1
900266,2,1,2,2,1
900733,2,6,2,1,4
900741,2,1,3,2,1
901298,1,2,3,2,2
901422,2,2,2,1,1
901504,1,1,1,1,1
902198,1,4,2,4,2
902408,1,1,2,2,4
902644,2,3,1,1,2
902756,1,3,2,2,1
902908,2,1,1,2,1
902927,2,1,5,2,1
903710,1,4,1,2,1
904231,1,1,5,3,1
904672,1,4,6,3,1
905452,2,1,1,2,1
905690,1,1,6,4,1
905813,2,4,3,3,1
906103,1,5,1,1,1
906300,1,4,6,5,2
907058,1,1,4,3,1
907182,2,6,6,3,4
907366,1,3,2,3,1
907804,2,4,3,2,1
907901,2,2,2,2,1
907940,1,1,2,3,1
909225,2,2,4,2,1
909886,1,1,2,3,1
910847,2,4,2,3,2
910996,2,4,1,1,3
911116,2,4,4,3,1
913023,2,1,1,1,1
913085,2,4,2,2,3
914032,1,1,2,1,1
914408,2,1,4,3,1
914412,2,4,2,1,1
915815,2,3,1,1,2
915818,2,2,2,3,1
916178,2,3,1,2,2
916280,2,2,1,1,1
916284,2,1,4,3,1
916928,2,6,1,1,3
916974,2,1,2,1,1
917746,1,2,5,4,1
918157,2,2,1,1,1
918196,2,1,1,1,1
918215,2,2,2,1,2
918224,2,1,1,1,1
918362,1,4,6,3,4
918672,1,1,1,1,1
919088,2,2,2,1,1
919134,2,4,3,2,4
919221,1,3,1,1,3
919247,1,3,1,3,2
919298,1,1,4,3,4
919634,2,1,4,4,1
920301,1,2,2,3,1
920326,1,1,3,3,1
920373,1,1,1,2,3
920468,1,4,2,2,1
921477,2,1,4,2,1
921636,1,1,4,5,1
922198,1,4,2,1,1
922701,2,5,6,6,1
922898,1,4,1,1,1
922960,1,6,4,3,4
923408,2,3,1,1,2
923482,1,2,1,1,1
923741,2,3,1,2,3
923856,1,1,1,1,4
924318,2,1,3,3,1
924327,2,1,2,2,1
924986,1,1,6,5,1
926415,2,1,1,1,1
926711,2,1,1,1,1
926734,1,1,4,3,2
926840,1,5,1,1,1
928370,1,1,6,6,1
928564,2,4,1,1,2
928637,2,1,3,2,1
928692,1,1,6,4,1
928701,1,1,2,2,4
929498,2,4,3,2,1
929502,2,1,3,3,2
929575,1,1,5,4,3
930695,1,1,1,1,1
931583,2,1,3,3,1
931588,2,1,1,1,1
931610,1,1,6,4,1
931727,2,3,1,1,2
931732,2,4,1,1,2
931743,2,2,2,2,1
933333,1,1,3,3,1
933993,2,2,2,2,3
933996,2,4,1,2,3
933997,2,2,1,2,2
934103,2,6,3,2,4
934308,1,2,6,6,1
935426,1,1,5,6,4
936127,1,1,3,2,1
936729,2,2,1,1,1
936945,2,1,2,2,1
936999,2,1,1,2,1
937116,1,5,6,4,1
937727,2,4,1,1,1
937980,1,1,3,4,1
938484,1,4,5,5,4
938772,1,3,6,6,3
938951,2,6,2,1,1
939044,1,1,3,4,2
939294,2,2,2,2,1
939813,1,3,1,2,1
940860,1,1,3,4,1
940906,1,1,6,3,1
941527,1,1,2,1,1
941916,2,5,3,2,1
942129,2,4,2,2,3
942133,2,3,1,2,2
942183,2,3,1,2,2
943327,1,3,3,2,2
943487,2,6,2,6,2
944047,1,3,4,6,1
944073,2,1,1,1,1
944148,2,2,3,2,1
944361,2,4,3,2,1
944364,2,2,1,1,1
944436,2,5,1,2,3
944471,2,1,3,2,1
945605,1,1,1,1,1
946116,1,5,2,6,1
946174,1,3,2,2,2
946226,1,1,2,3,1
947135,2,4,2,2,2
947142,2,1,1,1,1
947282,2,3,1,2,1
947284,2,3,1,1,1
947517,1,1,3,2,1
948564,1,1,5,3,1
948609,2,1,6,5,1
948871,1,5,5,4,2
949374,2,3,1,2,1
949437,1,3,2,1,1
949564,2,4,2,2,1
949679,2,1,1,2,1
949840,1,1,1,3,1
950236,2,3,2,2,1
950697,2,1,4,5,1
950762,1,1,4,3,1
951405,1,4,1,2,4
952335,2,1,1,1,1
952496,2,2,2,2,1
952540,2,2,4,3,1
952956,1,1,4,5,1
953236,2,3,3,2,1
953255,2,3,3,3,1
953855,2,3,1,2,1
1021909,2,2,1,1,1
1022004,1,1,6,4,1
1022724,1,2,6,4,1
1022772,2,1,1,2,2
1023588,1,1,6,6,1
1023949,1,5,1,2,1
1024168,1,2,1,1,1
1024645,2,1,3,2,1
1024900,2,5,1,2,3
1025189,2,2,3,2,1
1025642,1,1,4,5,1
1025805,2,3,2,2,2
1025855,2,3,1,2,1
1026541,1,4,6,2,1
1026640,1,4,5,3,2
1026919,1,4,2,3,2
1027101,2,4,2,2,2
1027154,1,1,5,3,1
1027304,2,3,2,2,3
1027349,2,2,1,2,2
1027421,2,1,1,2,1
1027476,1,2,6,6,2
1028007,2,3,2,2,2
1028252,1,5,2,2,2
1028844,1,3,6,5,1
1029323,1,1,1,1,2
1030106,1,4,6,5,1
1030184,2,1,1,1,1
1030295,2,3,4,4,1
1030383,2,2,2,2,1
1031292,1,1,3,3,1
1031615,2,6,1,2,1
1031752,1,1,6,3,1
1032263,2,6,4,3,2
1033136,2,3,3,2,1
1033296,1,1,2,2,1
1033346,1,4,5,3,1
1033436,1,4,2,1,1
1033695,2,1,3,3,1
1034388,1,3,5,4,4
1034579,1,1,1,1,1
1035225,2,6,1,1,4
1035228,2,4,2,1,1
1035369,2,4,1,1,3
1036180,2,3,2,2,1
1036202,2,1,1,1,1
1036226,1,5,5,3,3
1036836,1,1,6,6,1
1037013,1,1,4,4,1
1037498,2,6,1,1,4
1037575,1,1,1,2,1
1037685,2,3,1,1,2
1037786,2,1,2,1,1
1037789,2,2,2,2,1
1037790,2,4,2,2,2
1037916,1,2,3,3,1
1038242,1,1,4,4,1
1038295,1,1,2,2,1
1038324,2,1,1,2,1
1039357,1,1,5,6,1
1039402,1,1,6,3,1
1039572,1,1,5,4,2
1039574,1,1,1,1,1
1039716,1,4,6,3,1
1039788,1,1,5,4,1
1040237,2,4,4,3,1
1040409,2,1,1,1,1
1040450,2,3,1,1,2
1040553,2,4,2,1,2
1040596,2,1,1,1,1
1040628,2,1,1,1,1
1040796,1,5,6,4,2
1040800,1,2,1,2,2
1041390,2,1,2,1,1
1041410,1,1,4,3,1
1041788,1,1,1,2,1
1042572,2,5,2,1,4
1042740,1,1,6,5,1
1042748,1,4,2,3,1
1042759,1,2,1,1,1
1042820,1,1,1,2,1
1042900,2,1,4,3,2
1042901,2,1,1,1,1
1042972,2,6,3,1,4
1043623,1,3,5,4,1
1044013,2,3,3,4,1
1044213,1,1,4,6,1
1044272,1,4,2,2,2
1044612,1,6,1,6,3
1044683,1,1,6,6,1
1045116,1,1,6,6,1
1045637,2,1,2,2,1
1045954,1,6,1,1,4
1045964,1,1,2,2,1
1046036,1,1,2,2,2
1046583,2,2,1,1,1
1046844,1,1,3,4,1
1047765,2,3,2,1,4
1047870,2,1,1,1,1
1048086,2,1,4,3,2
1048151,2,3,3,2,1
1048263,1,5,3,4,1
1048628,1,2,1,1,2
1048692,2,1,1,1,2
1048693,2,3,1,2,1
1048732,2,2,4,4,1
1048734,2,2,4,3,2
1048860,1,1,4,2,1
1050050,1,3,5,4,3
1050228,1,2,6,6,1
1051129,1,1,2,4,1
1051522,1,3,5,3,1
1051694,1,1,1,1,1
1051994,1,1,4,5,1
1052407,1,1,4,3,1
1052551,1,4,4,4,1
1052978,2,1,1,1,1
1053071,2,1,3,1,2
1053136,1,4,4,3,1
1053359,2,1,1,2,1
1053468,1,6,4,2,2
1055051,1,1,6,4,1
1055124,1,1,5,2,1
1055301,1,1,2,2,1
1056104,2,1,1,1,1
1056249,2,1,1,1,1
1056938,2,1,1,1,1
1058192,2,2,1,1,1
1058196,2,1,2,2,1
1058525,2,2,1,1,1
1059076,2,1,2,2,1
1059102,2,1,3,2,1
1059615,2,4,3,4,4
1060202,1,3,1,2,1
1061551,1,2,1,1,1
1062100,2,2,3,3,1
1062396,1,3,3,3,1
1062886,1,1,2,4,1
1062900,1,3,5,4,3
1063420,2,4,1,1,3
1063703,2,1,3,2,1
1063907,1,1,2,6,1
1064229,1,1,2,4,1
1064241,2,5,2,3,4
1064306,1,1,2,3,1
1064342,1,1,2,3,1
1064412,1,1,5,3,2
1064764,2,1,1,2,1
1065276,1,1,5,6,2
1065314,1,5,5,6,1
1065890,1,4,6,4,1
1066679,2,1,2,2,1
1068646,1,4,5,2,1
1068852,2,5,1,2,2
1069428,2,1,1,2,1
1069524,1,1,6,6,1
1069634,1,1,3,6,1
1070282,1,3,5,4,1
1070637,1,1,2,2,2
1070662,1,1,1,2,1
1071839,2,3,1,1,1
1071938,1,1,6,3,1
1072490,2,1,1,1,1
1073296,1,2,4,4,1
1073530,1,1,1,2,3
1073714,2,6,1,1,4
1073717,2,4,2,1,2
1075643,1,1,1,1,1
1076258,1,1,6,3,1
1076716,2,4,4,2,2
1077175,1,5,1,2,4
1077633,2,1,2,1,1
1077677,2,3,1,1,2
1078111,1,3,3,3,1
1146132,1,5,6,4,4
1146575,2,1,5,3,1
1148350,1,1,1,2,1
1148423,1,1,1,1,1
1149273,2,1,1,1,1
1149416,2,1,1,1,1
1149580,2,3,4,3,2
1149664,1,1,1,3,1
1150250,2,1,1,2,1
1150829,2,1,6,5,1
1151210,1,1,4,4,1
1151624,1,6,2,2,2
1151793,2,1,1,2,1
1151796,2,4,1,2,3
1152381,2,1,1,2,1
1152468,1,5,6,5,3
1152916,2,4,5,4,2
1152938,1,1,4,3,1
1153549,1,1,1,1,1
1154052,1,2,6,3,1
1154279,2,5,1,1,3
1154456,2,3,1,1,1
1154501,2,3,2,2,3
1154639,2,5,1,2,3
1154788,2,3,1,1,1
1154935,1,2,2,1,1
1156620,2,1,2,2,1
1156689,2,3,1,2,2
1156701,2,3,2,3,2
1157690,1,1,3,3,1
1158056,2,2,4,3,1
1158444,1,1,6,5,2
1158445,1,1,5,5,4
1158647,1,4,3,5,1
1158660,1,4,2,3,1
1158770,1,1,2,3,2
1159789,2,1,3,2,1
1159826,2,6,1,2,4
1159860,2,2,1,1,1
1159974,2,6,1,1,3
1160028,1,1,6,3,1
1160580,2,4,2,2,1
1160581,2,1,1,1,1
1161074,1,1,4,3,2
1161153,2,1,6,6,1
1161415,1,5,4,4,1
1161650,1,5,6,3,1
1161813,2,5,2,2,4
1162370,1,5,5,4,1
1162711,1,1,2,3,4
1162756,2,2,1,2,1
1162822,1,3,1,2,2
1163253,2,2,1,2,1
1163772,1,1,4,3,1
1163877,1,1,6,4,1
1164824,2,1,1,1,1
1165010,2,6,1,2,4
1165182,1,1,2,1,1
1165196,1,1,2,1,1
1166378,2,6,6,5,4
1166868,1,1,6,4,1
1167069,2,3,2,3,1
1167119,2,3,3,3,1
1167189,1,4,4,4,1
1167194,1,5,6,4,4
1167292,2,1,1,1,1
1167349,2,6,1,2,2
1167660,1,1,6,6,1
1168429,2,2,3,4,1
1170013,2,3,2,1,2
1170108,1,1,6,6,1
1170297,2,4,1,1,2
1171476,1,1,5,3,1
1173170,1,2,2,4,1
1173237,1,2,1,2,1
1173780,1,2,6,4,1
1174140,1,3,3,4,1
1174245,1,1,6,5,1
1174270,1,6,1,2,1
1174317,1,1,2,4,1
1174572,1,1,6,4,3
1174977,2,2,2,2,1
1174989,2,5,4,3,2
1175236,2,1,1,1,1
1175564,1,1,2,3,1
1176133,2,1,1,1,1
1176574,1,2,1,2,1
1176743,2,6,6,6,4
1177463,2,1,2,2,1
1177562,1,1,6,4,1
1177732,2,2,2,3,1
1177775,2,4,1,1,1
1178210,1,2,3,5,2
1178293,2,4,1,2,2
1178834,2,1,4,5,1
1178847,2,3,3,4,2
1180377,2,2,1,1,1
1180684,2,1,4,4,1
1180727,2,4,1,2,1
1180802,1,1,6,3,1
1180810,1,1,1,2,4
1182420,1,1,6,6,1
1182556,2,1,3,2,1
1182612,2,2,2,3,1
1182628,2,2,4,4,1
1183682,1,3,4,5,1
1184031,2,3,4,3,2
1184868,1,1,6,3,2
1184872,1,1,1,3,1
1184940,1,1,5,5,1
1185386,2,3,2,3,2
1186500,2,4,2,1,1
1186778,1,4,4,3,1
1187209,1,5,1,2,1
1187344,1,3,5,4,1
1187650,1,3,4,4,4
1187759,2,1,2,2,1
1187764,2,6,1,1,4
1188013,2,2,2,2,3
1188794,1,6,3,4,1
1189797,1,4,6,6,2
1190340,1,1,6,5,1
1190541,2,6,4,4,1
1190591,2,2,1,1,2
1191132,1,4,6,4,1
1191386,1,1,6,5,4
1191680,2,5,1,1,3
1191726,2,3,2,1,1
1192486,1,2,2,4,1
1192909,2,1,1,1,1
1193231,2,2,5,5,1
1193968,1,4,2,1,1
1194389,2,4,2,3,4
1194932,1,4,6,5,4
1195079,1,1,1,5,1
1195604,1,1,1,3,1
1196114,2,4,1,2,2
1196117,2,2,3,4,1
1196145,2,2,2,2,1
1196183,2,1,4,3,1
1196372,1,1,2,1,1
1197290,1,1,4,3,1
1197668,1,4,4,5,1
1199126,1,4,2,4,1
1199844,1,1,6,5,2
1200276,1,1,5,3,1
1200420,1,1,5,3,1
1200754,1,4,1,1,1
1200897,2,5,2,2,3
1201112,2,6,1,1,3
1201117,2,3,2,1,2
1201295,2,3,1,2,3
1201465,1,1,2,2,1
1201466,1,3,5,3,2
1201546,1,1,1,1,4
1202495,1,3,2,4,2
1202508,1,6,6,3,4
1270116,1,2,6,4,1
1270594,1,1,3,3,1
1270736,2,4,1,1,2
1270864,1,1,4,2,1
1270892,1,6,3,1,1
1270957,2,2,1,2,1
1271772,1,1,4,4,1
1272269,1,1,1,2,1
1272674,1,2,6,4,1
1272706,1,1,2,5,4
1272781,1,1,1,1,1
1272885,1,1,1,1,1
1273472,2,3,2,2,1
1273517,2,1,4,4,1
1273692,2,2,3,2,1
1274096,1,4,1,1,1
1274122,1,4,1,1,1
1275084,1,1,6,5,1
1275732,1,1,6,3,1
1275893,2,1,2,1,1
1277228,1,1,2,1,4
1277289,2,4,4,2,4
1278020,1,1,3,2,1
1278415,1,1,3,2,1
1278711,2,4,3,3,3
1278873,2,2,1,1,1
1278876,2,3,2,2,1
1279244,1,1,2,2,2
1280234,1,1,3,3,1
1280327,1,1,2,2,1
1281036,2,1,2,2,1
1281108,2,4,3,3,1
1282023,2,1,2,2,1
1282240,1,1,6,3,1
1282472,2,5,3,3,4
1283167,1,4,4,4,1
1284344,2,2,1,2,1
1284431,1,4,5,2,1
1284535,1,1,1,2,1
1285623,2,1,4,4,3
1285805,1,1,3,4,1
1286388,1,6,6,3,3
1287487,1,1,2,1,2
1287578,1,1,6,4,2
1288258,1,1,6,4,1
1289068,2,2,1,1,1
1289260,2,4,4,3,1
1289426,2,1,1,2,1
1289498,2,2,2,2,1
1290132,1,2,5,4,1
1290222,2,3,2,1,1
1290753,2,2,6,5,1
1290943,1,4,2,4,1
1291413,2,6,2,2,4
1291446,2,4,1,1,2
1291463,2,1,2,3,3
1292341,2,4,1,2,2
1292840,2,1,4,4,1
1292882,2,3,4,4,1
1294209,2,3,2,2,2
1294754,2,4,1,2,2
1296828,1,1,5,5,1
1296872,2,1,3,1,2
1297520,2,4,2,2,3
1297521,2,2,2,3,1
1297562,2,1,3,2,2
1297840,1,1,1,2,4
1298124,1,2,6,4,1
1298556,1,1,2,4,1
1298916,1,3,5,3,1
1301831,2,3,1,1,1
1301882,2,3,1,1,2
1302132,2,1,1,2,1
1302279,1,4,5,3,2
1302842,1,1,3,4,1
1302986,1,4,4,4,1
1303213,2,2,3,5,1
1303346,1,1,4,4,2
1304066,1,1,6,4,1
1304618,2,4,2,3,2
1305013,2,3,1,2,2
1305650,1,3,3,4,1
1305783,2,4,1,1,3
1306188,1,1,6,3,1
1306548,1,1,5,4,1
1306991,2,4,2,2,2
1307143,1,6,1,2,4
1307245,2,3,2,2,1
1307351,2,3,3,2,1
1307810,1,1,3,5,1
1307870,1,1,4,5,1
1307954,1,2,2,3,1
1308392,2,2,4,4,1
1308708,1,1,6,4,2
1310164,2,1,1,1,1
1310309,2,4,3,4,2
1311228,1,1,3,4,1
1311261,1,6,4,3,1
1311266,1,1,3,4,2
1311356,1,4,1,2,1
1311358,1,1,1,2,1
1311551,2,1,1,2,1
1312254,2,1,1,1,1
1312425,2,4,3,2,1
1312429,2,1,2,2,1
1313028,1,3,6,4,1
1313127,2,1,2,2,1
1313317,1,1,5,6,1
1313532,1,1,4,6,1
1314213,1,4,6,6,1
1314784,1,1,5,3,1
1314999,2,2,3,4,1
1315346,2,4,1,2,2
1315461,2,4,3,2,4
1315494,2,1,1,1,1
1316097,2,1,2,1,1
1316735,2,6,1,2,1
1316902,1,2,2,6,1
1317333,2,4,2,2,3
1317393,2,1,1,1,1
1317436,2,1,1,1,1
1317743,2,1,1,1,4
1318212,1,2,6,4,1
1319330,1,6,5,6,4
1320534,2,3,1,1,2
1320671,2,1,1,1,1
1320677,2,2,3,2,1
1321130,1,1,5,5,1
1321164,1,1,6,4,1
1321335,2,4,1,1,2
1322119,1,4,5,6,1
1322138,1,4,6,5,1
1322660,1,4,3,2,1
1322793,2,3,3,3,2
1322909,2,4,1,1,2
1322919,2,4,1,1,3
1323485,2,1,1,2,1
1324154,1,2,6,4,1
1325052,1,1,6,5,1
1325573,2,1,2,2,1
1325714,2,2,1,2,1
1325716,2,6,1,1,2
1325744,2,4,2,2,3
1325799,2,2,1,2,1
1326420,1,1,5,3,1
1326530,1,1,5,2,1
1326780,1,1,3,4,1
1326908,1,1,2,2,1
1327086,2,5,6,4,1
1327095,2,1,6,3,2
1394570,1,1,6,4,1
1394662,1,1,2,4,1
1394680,1,4,4,4,1
1394748,1,4,6,6,1
1395007,1,1,1,2,3
1396221,1,4,3,4,1
1396226,1,1,6,4,2
1396562,2,1,4,3,1
1397412,1,4,5,4,2
1398150,2,1,1,2,1
1398333,2,1,1,2,1
1398362,2,2,2,3,1
1398405,2,3,3,2,1
1398997,1,4,2,5,1
1399040,2,1,1,2,1
1399084,2,4,2,3,2
1399322,1,1,3,4,2
1399340,1,4,4,3,4
1399658,2,1,6,3,1
1399846,1,2,2,4,1
1399888,1,5,4,4,4
1400118,1,1,1,1,4
1400167,1,4,2,3,1
1400378,2,6,1,1,3
1400625,2,3,1,2,2
1401200,2,1,3,3,1
1401500,1,1,1,2,1
1401709,2,6,3,4,4
1403117,2,4,4,3,1
1403343,2,5,1,2,3
1403474,2,5,1,2,3
1403550,2,2,3,3,1
1403576,2,2,1,1,1
1403589,2,2,3,2,1
1403781,1,3,3,3,1
1404166,1,1,3,6,1
1404740,1,1,2,3,1
1404805,2,1,6,4,1
1405391,1,4,6,4,2
1405808,2,1,1,2,1
1405853,2,3,1,2,2
1406360,1,4,2,2,2
1406628,1,2,2,4,1
1406666,1,6,5,4,4
1406901,2,5,2,3,1
1407598,1,1,2,2,1
1408068,1,1,6,4,1
1408485,2,3,3,2,1
1408518,2,2,1,2,1
1408535,2,1,1,2,1
1408727,2,2,4,5,4
1408932,1,5,6,4,3
1408951,1,4,1,2,2
1409755,1,1,1,2,2
1410175,1,1,2,2,1
1410588,1,1,6,5,1
1410676,2,1,1,2,1
1410997,2,2,1,2,1
1411513,1,5,1,1,1
1411668,1,1,6,4,1
1411701,1,1,1,2,1
1412604,1,1,2,4,1
1412776,1,1,5,3,1
1412892,1,1,5,4,1
1412948,1,5,1,2,1
1413660,2,1,2,2,1
1413700,2,1,1,2,1
1413719,2,6,1,1,4
1413804,2,2,3,1,1
1414010,1,2,5,4,1
1414676,1,4,4,3,1
1414836,1,1,6,6,3
1415090,1,1,4,4,1
1415173,2,6,6,4,2
1415412,1,1,5,5,1
1415871,2,5,1,1,3
1415943,2,1,2,1,1
1416674,1,1,4,3,1
1416736,1,4,4,3,1
1416757,2,4,1,2,3
1416996,1,1,2,4,1
1417015,1,1,6,3,2
1417256,2,1,4,4,1
1417500,1,1,5,4,1
1417610,1,1,6,6,1
1417861,1,4,6,4,1
1417869,1,1,6,4,1
1419030,2,2,1,1,1
1419170,2,3,1,2,2
1419758,1,1,1,1,1
1419777,2,2,2,2,1
1419842,1,1,4,4,1
1420123,1,1,1,1,1
1420352,2,1,6,4,1
1420596,1,3,5,6,3
1421073,2,4,1,1,2
1421380,2,1,3,3,1
1421399,2,1,3,2,1
1422973,1,4,4,5,1
1423072,1,4,6,5,1
1423336,1,6,1,1,1
1424063,2,4,2,3,2
1424173,2,4,3,2,1
1424212,2,4,1,1,2
1424317,2,4,2,2,2
1424450,1,6,5,4,4
1424917,1,1,3,4,1
1425023,2,2,2,2,1
1426322,1,3,5,4,2
1426549,2,6,1,1,3
1426987,1,1,1,2,1
1427278,1,3,4,6,4
1427887,1,1,2,2,3
1428266,1,1,2,2,1
1428876,1,1,6,4,1
1429037,2,6,3,5,1
1429092,1,1,6,4,1
1429398,2,3,1,1,2
1429444,2,2,3,3,1
1429652,1,2,2,2,1
1430207,2,3,1,4,1
1430277,1,3,1,2,1
1430786,1,1,6,6,1
1431578,1,3,6,5,1
1431676,2,3,2,3,1
1432244,1,1,1,2,1
1432476,1,1,4,6,1
1432536,1,2,1,2,1
1432764,1,1,4,5,4
1433339,1,4,5,6,1
1433486,1,1,1,1,1
1434393,2,4,1,2,2
1434599,2,1,1,3,1
1434608,2,1,2,3,1
1435271,1,1,3,3,1
1436134,1,4,2,4,2
1436402,1,1,6,6,4
1436710,1,2,4,5,1
1437070,1,1,4,6,1
1437530,2,5,3,2,4
1437694,1,1,2,4,4
1437760,1,1,6,5,1
1438439,1,1,2,4,1
1438452,1,1,2,5,4
1438629,1,4,6,6,4
1438868,1,1,1,2,1
1438877,1,1,5,4,2
1439836,2,1,3,6,3
1440556,2,3,2,3,2
1441077,1,1,2,3,1
1441101,2,6,6,4,1
1441462,1,1,4,5,1
1442614,1,2,3,4,1
1442875,1,1,2,4,4
1443177,2,3,4,5,1
1443903,1,1,3,3,2
1444402,1,1,1,2,1
1444544,2,2,2,3,2
1444586,2,1,2,4,1
1444607,2,4,2,3,2
1445015,2,1,4,6,2
1445364,1,1,6,6,1
1446273,2,1,6,6,2
1446316,2,4,6,6,1
1446410,1,5,6,6,1
1446812,1,1,2,3,3
1447055,2,1,1,1,3
1447111,1,1,1,2,1
1447212,2,3,1,2,2
1447325,2,3,1,2,1
1447503,1,4,3,5,1
1447831,1,5,2,4,4
1448014,1,1,3,4,4
1448015,1,1,1,2,1
1448088,1,1,4,6,1
1448138,1,4,4,5,2
1448453,1,1,1,3,1
1448879,1,1,4,6,2
1448938,1,4,6,6,4
1449139,1,1,2,3,1
1449794,1,1,5,6,3
1450236,2,1,5,4,1
1450274,2,2,1,3,1
1451396,1,1,2,3,1
1451501,2,4,1,3,1
1519417,1,1,2,3,1
1519559,2,2,5,2,1
1519634,1,2,5,4,1
1519714,1,1,2,1,1
1520028,1,1,4,6,4
1520374,1,1,3,3,1
1520516,1,6,3,3,3
1520560,1,1,4,3,1
1520565,1,4,1,2,2
1520642,1,1,4,5,1
1520991,2,1,3,3,1
1521022,1,1,2,5,4
1521638,1,1,1,3,1
1521686,1,1,1,1,1
1522908,1,3,6,4,1
1523378,1,1,2,5,1
1523502,2,2,2,2,1
1523738,1,1,3,4,2
1524693,2,1,2,2,1
1525013,2,1,1,2,1
1525742,1,2,3,4,2
1526133,2,2,2,3,1
1528150,1,1,4,2,1
1528679,2,1,3,4,1
1529362,1,1,2,1,2
1529718,1,4,1,3,1
1529865,2,1,1,1,1
1530228,2,1,1,2,1
1530268,2,6,2,2,3
1531586,1,4,4,6,2
1531936,1,1,6,5,1
1532162,1,2,5,4,1
1532492,1,1,1,2,4
1532526,1,5,1,3,1
1533176,2,3,1,1,2
1533181,2,6,2,2,3
1533242,1,1,5,5,1
1534405,2,5,6,5,1
1535140,2,1,3,2,1
1535165,2,4,2,2,2
1535356,2,1,2,2,1
1535421,2,4,1,2,2
1535450,2,1,2,2,1
1535914,1,6,3,3,4
1536050,1,1,2,3,1
1536140,1,1,3,5,3
1536156,1,1,4,3,2
1536444,1,1,4,4,1
1536948,1,1,2,4,1
1537058,1,1,6,6,1
1537081,1,4,4,4,1
1537165,1,3,1,1,1
1537236,1,1,4,5,1
1538216,2,1,1,2,1
1538399,2,2,1,2,1
1538464,1,1,1,1,1
1539009,2,3,2,2,2
1539021,2,1,2,1,1
1539063,2,3,1,2,2
1539127,1,4,3,3,1
1539623,2,3,6,6,1
1540408,1,1,2,2,2
1540816,1,1,1,2,4
1541628,1,1,4,6,1
1541844,1,1,6,6,1
1542262,1,4,6,5,1
1542314,1,1,1,1,1
1542420,1,1,5,5,1
1543095,2,2,3,4,1
1543260,2,4,3,2,1
1543439,2,3,1,2,2
1543445,2,4,3,2,1
1543455,2,4,2,3,3
1543549,2,6,2,2,4
1543557,2,4,3,2,4
1544236,2,3,2,3,2
1544247,2,3,1,2,2
1544638,1,2,2,3,1
1544769,2,6,6,5,3
1545708,2,1,1,2,1
1545839,2,6,1,3,1
1546394,2,4,3,3,1
1546922,1,1,3,6,2
1547100,1,1,6,4,1
1547488,1,3,6,5,1
1548290,1,1,5,6,1
1548711,2,1,1,3,1
1548812,1,1,2,3,1
1548832,1,1,1,2,1
1548904,1,1,3,3,1
1549396,2,2,4,3,1
1549460,1,3,3,2,1
1549869,1,1,1,2,1
1549998,2,5,5,4,4
1550015,2,1,1,2,1
1550196,1,3,5,6,3
1550716,2,6,2,1,3
1550791,1,3,1,2,2
1550810,1,1,6,5,1
1550892,2,1,1,2,1
1550980,2,2,3,4,1
1551023,2,1,5,4,1
1552630,1,4,6,6,1
1552749,1,1,2,2,1
1553076,1,1,4,6,1
1553148,1,1,6,6,1
1553454,2,2,1,2,1
1553810,2,5,1,2,4
1553884,2,3,3,3,1
1554020,1,2,2,2,1
1554084,1,6,5,4,1
1554516,1,1,5,6,1
1554599,2,3,3,3,2
1554623,2,1,2,1,2
1555092,1,1,5,2,1
1555345,1,1,3,3,2
1555380,1,3,5,6,1
1555408,1,1,4,5,1
1555413,1,2,2,5,1
1556072,2,1,3,3,1
1556388,1,6,6,6,1
1556695,1,4,2,3,2
1558226,1,1,6,6,2
1558637,2,1,4,4,1
1558863,2,3,1,2,2
1559726,1,1,5,6,1
1559788,2,2,2,3,1
1559810,1,4,5,4,4
1560325,2,2,5,6,1
1560548,1,1,3,5,1
1560583,1,3,4,5,1
1560818,1,1,6,5,1
1560894,1,4,2,5,1
1560988,2,2,4,4,2
1561302,2,4,4,2,1
1561370,2,3,2,2,2
1561428,1,1,6,6,1
1561533,1,1,4,6,1
1562940,1,4,3,4,1
1564175,2,2,1,2,1
1564178,2,1,1,2,1
1564228,2,2,2,3,1
1564366,1,4,4,5,1
1564413,1,4,3,4,4
1564562,1,1,6,4,1
1564593,1,1,1,2,4
1564863,1,1,3,4,4
1565354,1,4,2,5,1
1565509,2,6,6,5,4
1565548,2,4,6,5,1
1565695,1,1,2,3,1
1566191,2,3,2,3,2
1566215,2,2,1,1,1
1566224,2,1,1,1,1
1566556,2,6,3,2,4
1567088,2,4,2,2,2
1567132,2,3,4,3,1
1567390,1,4,3,3,1
1567638,2,4,5,3,1
1567647,2,3,3,3,2
1568254,1,1,2,3,1
1569464,2,2,1,2,2
1569872,1,4,6,4,2
1570117,2,4,1,2,3
1570591,1,3,3,5,1
1571311,1,4,3,3,1
1571701,2,1,1,2,1
1572261,1,1,1,3,1
1572318,2,1,4,4,2
1573511,1,1,1,2,1
1574047,1,4,2,2,1
1574621,2,4,1,3,4
1574649,2,1,1,2,1
1575278,1,1,1,1,1
1575341,2,3,1,3,2
1575396,1,1,6,6,1
1575424,1,3,1,2,1
1575740,1,1,1,3,1
1575885,2,1,6,6,1
1643997,2,1,2,1,1
1644088,1,4,2,1,1
1644276,2,5,1,2,3
1644410,1,6,3,3,1
1644470,1,1,2,3,1
1645418,1,1,4,4,3
1646354,1,1,6,3,1
1646981,2,1,2,2,1
1647429,1,4,3,2,1
1647540,1,1,6,5,1
1647911,2,1,3,2,1
1648492,2,6,5,2,2
1648658,1,6,2,3,4
1648945,1,1,2,3,1
1649212,2,5,2,1,3
1649498,2,1,2,1,1
1650492,1,1,4,4,1
1650536,2,2,4,1,1
1650591,2,1,3,1,1
1651214,1,1,1,1,2
1652213,1,6,3,2,4
1652336,2,1,2,2,1
1652380,2,1,2,2,4
1652527,1,1,1,1,1
1652652,1,1,6,5,1
1653061,2,1,1,1,1
1653095,2,4,3,2,3
1653633,2,2,4,3,1
1654130,1,1,6,2,1
1654183,1,1,3,2,1
1654281,2,2,1,1,1
1654352,2,2,1,1,1
1654356,2,6,2,2,1
1654391,2,6,2,1,3
1655138,1,4,3,2,2
1655216,2,1,2,1,1
1655344,1,1,1,1,1
1655762,2,3,4,2,1
1656866,1,1,6,1,4
1657308,2,3,2,1,4
1657359,2,2,1,1,1
1657449,2,1,2,1,1
1657666,1,1,1,1,1
1657692,1,4,6,3,4
1658686,1,1,1,2,1
1658862,2,6,6,3,1
1659079,1,4,5,3,2
1659088,1,2,5,3,1
1659356,1,1,2,2,1
1659391,1,1,1,2,1
1659465,2,3,1,1,2
1659714,1,1,3,2,1
1659794,2,2,3,2,1
1660444,2,4,2,2,1
1660445,2,3,1,1,1
1660501,1,1,2,2,1
1661474,1,3,5,4,2
1661527,1,6,6,3,4
1661652,1,1,6,4,1
1662948,1,3,5,3,2
1662967,1,3,1,1,1
1663164,1,1,5,4,1
1663706,1,1,4,4,1
1663868,1,5,1,2,1
1663990,1,1,2,1,1
1664765,2,1,3,2,1
1664828,1,4,2,4,4
1664892,1,4,5,3,4
1665623,2,6,4,2,4
1666132,2,4,5,2,1
1668088,1,2,4,2,1
1668609,2,4,2,1,3
1669184,2,3,6,4,2
1669230,2,1,6,5,1
1669394,1,5,2,3,3
1669832,2,1,1,1,1
1669949,2,2,2,2,3
1670236,2,1,2,1,1
1670769,2,4,2,2,2
1670807,2,4,4,3,1
1670971,1,1,1,1,1
1671874,1,4,6,3,1
1671895,1,6,6,4,4
1673000,2,1,2,1,1
1674280,1,4,2,1,1
1674431,2,1,2,3,1
1674631,1,4,5,5,2
1675062,2,1,1,1,1
1675308,2,1,1,1,1
1675396,2,6,3,4,2
1675897,1,1,1,1,1
1676080,1,1,3,2,1
1676287,1,1,2,1,3
1676461,2,4,2,4,1
1677837,2,5,4,4,4
1678261,2,4,1,1,3
1678370,2,2,1,1,1
1678538,1,3,6,4,2
1678682,1,4,6,6,1
1679474,1,4,5,4,1
1679615,2,6,1,3,1
1680084,1,4,6,5,2
1680444,1,1,6,3,1
1680493,2,1,1,2,1
1680527,2,1,4,2,3
1680599,2,3,3,1,2
1681058,1,3,3,4,1
1681490,1,1,6,3,1
1682316,1,1,6,4,1
1682676,1,1,6,6,1
1683225,2,3,1,1,1
1683268,2,2,1,2,1
1683517,2,4,2,2,2
1683558,2,2,1,1,1
1683650,1,1,5,4,1
1683684,1,4,1,1,1
1684164,2,4,2,2,1
1684741,2,1,6,6,1
1684908,1,2,6,6,2
1685502,2,6,1,1,4
1685519,2,2,3,2,1
1685727,2,3,2,2,2
1686280,1,4,2,1,2
1686325,2,1,1,2,1
1686636,1,1,6,3,1
1686869,2,4,3,3,1
1687284,1,1,2,5,2
1688004,1,1,6,6,1
1688234,2,1,2,3,1
1688255,2,4,2,1,1
1688596,2,1,1,1,1
1688815,1,1,1,1,1
1689222,1,1,4,4,1
1689266,1,1,3,4,1
1689348,2,1,2,2,1
1689986,1,1,6,6,4
1690485,1,2,4,5,1
1690857,2,1,2,2,1
1691426,1,5,3,3,1
1692468,1,1,3,5,1
1692631,1,4,6,3,1
1692874,1,5,2,1,3
1693153,1,1,1,1,4
1693741,2,3,3,3,3
1693850,2,3,2,2,2
1693919,2,1,1,1,1
1694484,1,1,5,3,1
1695794,2,2,1,1,1
1695824,2,1,1,1,1
1695868,2,3,2,1,1
1695870,2,4,1,1,2
1696095,2,2,2,2,2
1696113,2,4,1,1,2
1696614,1,4,4,3,1
1696754,1,1,2,3,1
1696860,1,2,4,2,3
1697197,2,4,2,4,3
1697724,1,2,5,4,4
1697824,1,5,6,5,4
1697870,1,1,1,1,2
1698776,2,1,1,1,1
1698891,1,1,1,5,1
1698920,2,2,2,2,1
1698992,2,4,2,2,3
1699110,2,2,1,1,1
1699758,2,4,2,2,2
1767910,1,3,2,3,1
1767924,1,2,5,5,1
1767996,1,2,6,5,1
1768332,2,1,2,1,1
1768341,2,2,2,2,1
1768404,2,1,2,2,1
1768730,2,5,2,1,3
1769206,1,4,2,2,2
1769248,1,3,4,3,1
1769330,1,3,2,2,1
1769810,2,2,4,3,2
1769934,1,1,1,4,1
1770338,1,1,5,5,1
1770922,1,4,2,2,1
1771682,2,4,1,1,2
1772776,1,5,2,2,4
1772820,1,5,5,4,3
1772908,2,2,5,3,1
1772930,1,1,6,3,1
1773076,1,4,5,3,1
1773141,1,3,4,3,2
1773551,2,6,2,2,4
1773556,2,1,1,1,1
1774448,2,3,2,2,1
1775124,1,1,6,6,1
1775540,1,1,6,4,1
1775666,1,4,2,3,4
1776890,1,1,5,2,1
1776962,1,1,5,2,1
1777516,2,2,2,2,1
1777918,1,2,1,2,1
1778810,2,6,1,1,4
1778888,1,1,1,1,4
1779030,2,4,4,2,1
1779039,2,3,2,2,1
1779069,2,3,1,2,2
1779207,1,1,1,2,2
1779718,1,1,1,2,1
1779804,1,3,4,3,1
1780706,1,5,5,3,2
1780724,1,5,6,3,3
1780812,1,2,6,4,4
1781903,2,1,1,2,1
1782938,1,1,3,2,1
1783154,1,1,5,4,1
1783232,2,6,6,4,2
1783237,2,3,6,4,1
1783956,2,1,2,2,2
1783972,2,2,3,4,1
1784036,1,1,2,2,1
1784282,2,1,2,1,1
1784484,1,1,5,4,1
1784861,2,4,1,1,1
1785366,2,4,4,2,1
1785674,1,1,5,3,2
1786730,2,2,2,3,1
1786734,2,2,1,1,1
1787236,2,4,1,1,3
1789103,2,2,2,2,1
1789180,2,1,1,1,1
1789199,2,4,1,1,2
1789353,2,1,3,2,1
1789444,2,3,2,4,2
1790086,1,1,1,1,1
1790316,1,4,5,4,1
1790504,2,2,4,3,2
1790509,2,3,3,4,2
1790559,2,1,3,3,1
1791181,1,1,1,1,1
1791182,1,1,2,5,3
1791254,1,1,1,2,1
1792532,1,6,2,2,4
1793157,1,2,2,2,1
1793485,1,5,2,3,1
1794293,2,5,2,1,2
1794340,2,1,3,4,1
1794394,1,1,1,2,1
1795223,2,3,4,3,1
1795229,2,5,1,2,2
1795284,1,1,6,3,2
1795356,1,1,4,2,1
1797095,2,2,1,1,1
1798164,1,3,5,3,1
1798252,2,1,2,2,1
1798804,2,1,2,4,2
1800324,1,2,6,5,1
1800373,2,1,1,2,1
1800650,1,1,5,4,1
1800684,1,3,6,4,1
1800873,2,3,4,5,1
1801549,1,2,1,1,1
1801748,1,1,2,2,4
1801764,1,4,5,3,1
1802284,2,6,1,1,3
1802676,2,1,1,2,1
1802833,1,4,2,2,4
1804620,2,2,2,1,1
1804636,2,4,3,1,1
1804977,2,1,1,2,1
1805541,1,1,1,3,1
1806879,1,1,5,6,1
1809152,2,2,6,5,1
1809290,1,1,6,5,1
1809820,2,2,4,4,1
1809914,2,3,1,1,2
1809935,2,1,1,1,4
1810134,2,2,3,1,1
1810202,2,5,2,1,3
1810824,1,1,5,5,1
1812647,2,3,1,1,1
1813044,2,3,1,1,3
1813079,2,4,4,4,1
1813158,2,2,1,1,1
1813212,1,3,6,3,1
1814220,1,1,5,4,1
1814391,2,6,5,4,1
1814608,1,4,5,4,1
1815057,2,6,1,1,4
1815131,1,3,2,2,1
1815317,2,6,1,2,4
1815482,1,1,3,6,1
1815842,1,6,3,3,4
1816004,1,1,2,2,2
1816197,1,1,5,5,1
1816598,1,1,4,4,1
1816994,1,3,5,6,1
1817061,1,3,6,6,4
1817101,1,2,1,2,2
1817205,1,2,1,2,1
1817797,2,1,3,2,1
1817805,2,4,4,3,3
1817858,1,1,6,5,1
1818012,2,2,2,1,3
1818047,2,4,2,2,2
1818191,2,1,1,1,1
1818224,2,1,2,2,1
1818301,2,1,2,2,1
1818434,1,1,5,3,2
1818900,1,1,5,4,2
1819559,2,3,6,4,1
1819966,1,1,2,5,1
1820223,2,2,1,1,1
1820457,2,1,3,3,1
1820511,2,1,2,2,1
1821276,1,1,4,2,3
1822099,1,2,2,3,1
1822212,1,6,2,2,2
1822231,1,4,6,6,4
1823522,2,1,1,1,1
1823525,2,3,3,2,1
1823566,1,3,6,4,4
1824110,1,1,3,5,1
1824748,2,1,6,5,1
1892340,1,4,5,5,2
1892602,1,3,2,2,3
1892719,1,1,3,3,1
1892788,2,1,1,1,1
1892882,1,6,5,2,3
1893117,2,4,1,2,3
1893143,2,1,3,2,1
1893255,1,2,1,1,1
1893655,1,3,2,3,1
1893669,1,4,1,2,1
1893680,2,2,2,2,2
1893681,2,1,2,2,1
1893852,1,1,4,4,1
1894538,1,1,5,5,1
1895050,1,1,2,1,1
1895122,1,1,2,2,1
1895258,1,1,6,4,1
1895383,1,3,3,2,1
1895553,2,2,2,2,1
1895912,2,6,1,1,3
1895956,2,3,1,1,2
1895957,2,3,3,2,1
1896212,1,1,2,1,1
1896228,1,1,5,3,1
1896686,1,1,6,5,4
1896724,2,1,3,2,1
1896790,1,6,3,2,1
1897210,1,2,4,3,1
1897380,1,1,6,6,1
1897524,1,1,5,5,2
1897782,1,1,1,1,2
1898128,1,1,5,2,1
1898271,2,4,2,2,3
1898327,2,4,3,2,3
1898343,2,3,1,1,2
1900045,1,4,4,2,1
1900260,1,2,5,4,2
1900298,1,3,6,3,1
1900737,2,4,2,2,2
1900749,2,2,4,2,1
1901116,2,1,5,3,1
1901181,2,1,1,1,1
1901212,2,1,3,3,1
1901241,2,6,1,2,4
1901286,2,2,1,1,1
1901306,1,1,5,2,1
1901371,1,4,6,3,1
1901810,1,2,3,3,2
1902506,2,6,5,4,2
1903116,2,4,2,1,1
1903250,1,2,5,2,1
1903527,2,1,1,1,1
1904087,2,4,4,2,2
1904135,1,1,4,5,1
1904868,1,1,6,6,1
1905444,1,1,6,4,1
1906956,1,1,6,5,1
1907661,2,1,6,5,1
1907711,2,5,1,2,1
1908180,1,5,6,5,3
1908335,2,4,2,2,2
1908423,2,4,2,1,2
1908626,2,1,3,2,1
1908628,2,1,3,3,1
1908630,2,2,4,2,1
1908669,2,3,1,2,2
1908900,1,1,6,4,4
1909829,1,1,1,1,2
1910378,1,3,1,2,3
1911780,1,1,5,4,1
1912572,1,3,5,5,1
1912821,1,4,1,3,1
1912877,2,1,1,1,1
1912887,2,5,6,4,1
1913594,2,2,1,1,1
1913607,2,3,2,1,2
1913879,2,2,3,2,1
1914962,2,5,4,4,1
1915655,1,1,1,2,1
1916100,1,6,6,4,1
1916548,2,1,1,2,1
1916694,2,5,1,1,3
1916703,2,1,2,2,1
1916724,2,6,1,1,4
1916733,2,2,1,1,1
1916765,2,1,1,2,1
1916797,2,2,2,2,1
1916834,2,1,1,1,1
1917074,1,1,6,5,2
1917568,1,4,1,1,3
1918058,2,1,6,5,1
1918677,2,3,2,1,1
1918775,2,2,2,2,1
1918855,1,2,2,2,1
1918882,1,4,2,2,3
1918957,2,1,1,2,1
1918994,2,1,3,3,1
1919554,1,4,3,3,4
1919684,1,5,2,2,3
1919772,1,1,4,3,1
1920060,1,4,4,6,1
1920564,1,1,3,5,1
1920957,1,1,2,3,1
1920970,1,4,1,2,4
1921730,2,1,1,1,1
1921743,2,3,1,1,1
1921943,2,3,4,2,2
1921980,2,3,4,3,1
1922020,2,1,1,1,1
1923482,1,4,6,6,1
1923921,2,1,1,1,1
1924228,2,2,3,3,2
1924247,2,1,3,2,1
1926877,2,6,2,1,3
1926914,2,2,1,1,2
1926918,2,3,1,1,1
1927127,2,1,4,4,1
1927204,2,1,1,1,1
1927226,1,5,5,5,1
1927298,1,5,5,4,1
1928254,1,1,1,2,1
1928447,2,1,1,3,1
1928458,1,1,4,6,1
1928890,1,6,1,2,1
1928954,1,2,6,5,1
1929143,2,1,2,1,1
1929146,2,3,1,1,1
1929149,2,4,2,1,3
1929167,2,1,6,6,1
1929276,1,1,6,4,1
1929340,2,1,1,3,2
1929396,2,4,1,2,2
1930716,1,1,4,5,2
1931050,1,4,6,6,1
1931186,1,5,2,5,1
1931239,1,4,4,4,1
1932095,2,4,2,2,2
1932327,2,2,1,2,1
1932389,2,4,3,3,4
1932444,1,2,6,5,1
1932472,1,5,4,2,4
1932516,1,5,6,3,4
1932948,1,3,5,4,3
1932996,2,6,1,1,4
1933034,2,2,1,1,1
1933183,1,4,6,6,1
1933274,1,1,4,4,1
1933569,2,5,4,3,3
1933573,2,4,6,6,1
1933614,2,3,6,5,1
1933812,1,5,5,4,4
1934408,1,1,1,1,1
1934505,2,4,3,3,3
1934615,2,1,3,2,1
1935197,2,3,1,2,1
1935362,1,1,4,4,3
1935701,2,5,2,3,1
1935900,1,1,4,5,2
1936333,1,1,2,2,1
1936532,1,1,2,1,3
1936764,1,1,4,4,1
1937079,2,3,3,4,1
1937245,2,2,2,1,1
1937295,2,3,1,2,1
1938242,1,5,4,3,3
1938674,1,1,4,4,1
1939015,1,4,5,6,1
1939168,1,4,3,4,1
1939514,2,4,1,1,2
1940926,1,2,2,6,1
1941418,1,2,6,6,4
1942028,1,5,1,1,3
1942644,2,3,1,1,1
1942757,2,1,3,1,1
1943518,1,1,6,6,1
1943806,1,1,1,2,1
1944154,1,1,5,6,1
1944944,2,1,1,1,1
1946628,1,1,2,1,1
1946647,1,3,6,6,1
1946900,1,1,2,1,4
1946996,1,1,2,1,1
1947896,2,3,1,2,1
1948015,1,1,1,1,1
1948072,1,4,1,1,1
1948544,2,6,1,1,3
1948970,1,3,3,2,2
1949109,1,1,2,2,1
2017173,2,6,2,2,4
2017232,2,1,1,1,1
2017295,2,4,1,1,1
2017316,1,1,3,1,4
2017332,1,2,6,3,1
2017378,1,5,1,2,1
2017453,2,3,1,2,2
2018053,1,1,2,2,2
2018140,2,1,4,3,1
2018141,2,2,1,2,1
2018224,1,3,2,3,1
2018340,1,4,2,3,4
2018613,2,2,2,2,1
2018988,1,1,6,4,2
2019348,1,1,4,2,1
2019973,2,5,3,2,4
2020370,2,4,1,2,2
2020374,2,4,1,1,2
2021120,2,1,1,2,1
2021636,1,1,3,2,1
2021709,2,3,6,6,4
2021973,1,3,4,4,1
2022248,1,1,2,2,4
2022300,1,5,6,5,1
2022357,2,4,2,2,2
2022436,2,1,4,2,2
2022462,2,4,1,2,2
2022709,2,2,1,2,1
2023245,1,1,3,2,4
2023325,2,3,1,2,1
2023364,1,1,2,2,1
2023524,1,3,2,4,4
2023804,2,1,1,1,1
2023877,1,1,1,1,1
2024066,1,1,4,3,1
2024446,1,4,2,1,1
2024486,1,1,2,2,1
2024722,1,1,3,2,2
2024820,1,1,5,5,1
2025468,1,2,6,5,1
2025551,2,2,1,2,1
2025730,1,1,1,2,1
2027090,1,2,2,2,3
2027600,2,1,1,1,1
2028968,2,2,3,2,1
2029023,2,3,3,2,1
2029538,1,1,5,4,1
2029556,1,2,6,4,2
2029570,1,1,3,3,1
2029645,1,1,1,1,1
2029702,1,1,3,4,1
2030336,2,1,2,2,1
2030738,2,2,1,2,1
2030949,1,1,1,1,1
2031194,1,6,6,4,4
2031948,1,1,6,5,1
2032751,2,2,2,2,1
2032754,2,6,1,1,3
2032850,1,4,5,3,1
2033135,2,1,2,3,1
2033623,1,3,2,2,3
2033767,1,4,4,5,4
2033781,1,3,1,2,1
2033807,1,1,1,2,4
2034074,1,1,5,3,2
2034684,1,3,4,4,1
2034829,1,1,1,1,1
2034874,1,1,4,1,1
2035010,1,3,5,3,1
2035018,1,1,1,2,1
2035207,1,2,3,3,1
2035351,1,4,2,1,3
2035778,2,4,1,2,3
2035791,2,1,1,2,1
2035885,2,5,3,2,2
2035953,2,1,2,1,1
2035998,2,2,3,2,1
2036079,2,3,2,2,1
2036162,1,2,5,3,1
2036800,1,1,1,1,1
2038184,2,2,3,2,1
2038322,1,1,6,6,1
2039042,1,1,5,4,1
2039405,1,1,2,2,1
2040050,1,5,2,4,4
2040071,1,1,1,2,1
2041366,1,2,3,2,1
2043093,2,4,2,2,1
2043126,2,4,1,1,3
2043485,2,6,1,2,3
2045198,1,1,1,1,1
2046146,2,2,1,1,1
2046362,2,3,2,2,2
2046364,2,1,4,3,3
2046431,2,1,1,1,1
2046511,1,1,1,1,1
2046746,1,1,6,5,1
2046890,1,1,6,4,1
2047084,2,3,2,2,2
2047658,2,1,5,5,1
2047679,2,4,2,4,1
2047888,1,3,4,4,1
2048284,2,2,3,2,2
2048527,1,1,2,2,1
2049244,2,1,4,3,4
2049338,1,1,3,5,1
2049505,1,1,1,1,3
2049709,2,2,3,4,1
2049770,1,1,4,4,3
2050294,1,2,6,6,1
2050364,1,4,4,3,1
2050418,1,2,2,4,1
2051111,2,1,1,1,1
2051549,2,1,1,2,1
2051559,2,3,1,2,2
2051576,2,4,1,1,3
2051639,2,5,2,2,1
2051722,1,1,1,2,4
2053448,2,3,1,1,2
2053503,2,2,1,1,1
2053525,2,3,1,2,1
2053812,2,4,1,2,3
2054485,1,1,2,2,1
2054628,1,1,3,4,1
2054844,1,3,3,6,3
2055054,1,1,1,2,4
2056356,1,3,6,6,1
2056492,2,1,4,4,1
2057453,2,1,1,1,1
2057508,1,1,6,5,1
2057757,1,2,3,2,2
2057985,2,1,6,6,1
2058676,2,2,1,1,1
2058835,1,1,6,3,1
2059037,2,4,1,2,2
2059568,2,2,2,2,1
2059573,2,2,1,2,1
2059614,2,1,3,3,1
2060767,1,1,4,6,1
2061484,2,2,1,2,1
2063052,1,5,6,6,4
2063908,2,2,3,2,1
2063954,1,5,6,3,4
2064104,2,1,4,2,1
2064885,1,1,1,2,1
2065466,1,1,5,4,1
2065754,1,5,5,5,1
2066444,1,1,1,2,1
2066637,2,3,4,2,1
2066669,2,3,3,3,1
2066885,2,1,2,2,1
2067275,1,1,1,1,1
2067718,1,2,3,4,4
2067831,2,2,1,1,1
2067862,1,1,2,2,4
2068236,1,4,6,4,2
2069001,2,3,1,1,1
2069858,1,1,4,2,1
2069879,1,1,3,4,1
2069981,2,1,1,1,1
2070095,1,1,1,2,1
2071812,2,2,4,2,3
2071850,2,2,2,3,1
2072169,2,3,1,1,3
2073058,1,1,6,2,4
2073079,1,3,3,2,1
2073541,2,3,6,5,1
2073591,2,1,4,5,1
2141621,2,2,2,2,1
2142501,1,5,2,2,2
2142612,1,1,6,6,1
2142794,1,1,4,4,1
2142812,1,6,2,2,1
2142972,1,1,5,4,1
2143144,1,1,3,2,4
2143620,1,1,3,6,1
2144605,2,1,2,2,1
2144749,2,2,3,2,1
2144927,2,1,1,2,1
2144934,2,2,1,1,1
2145034,1,2,1,2,1
2145061,1,1,6,2,3
2145575,2,2,3,4,1
2145996,1,3,6,6,1
2146610,1,2,6,4,3
2147671,1,1,2,3,1
2147696,2,5,2,3,3
2147738,2,3,3,3,1
2147829,1,3,1,2,1
2147868,1,3,6,4,1
2148444,1,1,4,4,2
2148512,1,4,1,2,1
2149066,1,4,2,3,4
2149614,2,5,1,2,3
2150044,2,4,3,4,1
2150127,2,4,2,2,3
2150230,1,4,4,3,1
2150721,2,1,2,2,1
2150733,2,4,2,2,2
2150764,2,3,2,3,1
2151573,1,1,4,4,1
2151986,2,4,1,1,2
2152029,2,4,2,3,4
2152079,2,1,1,2,1
2152136,1,4,1,1,1
2153039,1,1,1,3,1
2153124,1,1,2,4,1
2153162,1,2,4,4,1
2153772,1,6,6,6,1
2153916,1,1,3,5,1
2153958,1,4,6,6,4
2154752,2,4,2,2,2
2154794,2,2,2,3,1
2155197,2,1,1,1,1
2155261,2,1,2,2,1
2155342,1,1,4,3,1
2155357,1,1,5,4,1
2156258,1,1,4,3,1
2157012,1,4,6,6,1
2157461,2,1,1,2,1
2158048,1,1,3,3,4
2158236,1,1,4,3,1
2158568,2,4,4,4,4
2159660,1,4,5,3,1
2159980,2,2,1,2,1
2160152,2,1,1,1,1
2160412,2,2,3,4,1
2160544,1,1,1,3,1
2161108,2,1,3,3,4
2161216,1,1,1,1,1
2161550,1,4,1,2,1
2161708,2,4,5,5,1
2161764,1,6,6,6,1
2161882,1,4,5,6,2
2162447,2,1,1,1,4
2162613,2,5,1,1,3
2162714,2,2,2,1,1
2163386,1,1,3,4,1
2164428,1,1,5,5,1
2164533,1,1,2,2,1
2165159,2,2,1,1,1
2165164,2,1,1,2,1
2165484,2,1,4,4,1
2165524,2,1,1,2,1
2166230,1,1,3,3,4
2167076,1,3,4,5,4
2167120,1,4,5,4,2
2167573,2,3,1,2,2
2168519,1,1,2,2,1
2168565,1,4,1,2,1
2169094,1,4,2,4,4
2169434,1,1,6,6,1
2169612,1,3,6,4,1
2170520,2,5,1,1,3
2170684,2,1,5,3,1
2170709,2,1,3,4,1
2170710,2,2,1,1,1
2170756,2,4,2,2,2
2170791,2,1,1,2,1
2170882,1,3,1,2,2
2171457,2,2,2,1,1
2172036,2,1,6,4,1
2172685,2,3,1,1,2
2172726,2,4,1,2,2
2172822,1,1,1,2,1
2172890,1,1,5,5,1
2173199,1,1,2,2,4
2174121,2,1,3,3,1
2174690,1,5,5,6,3
2174868,1,1,6,4,1
2175492,2,3,4,4,1
2175543,2,4,3,4,2
2175660,1,1,6,2,1
2175705,2,1,1,1,1
2175750,2,1,1,2,1
2175925,2,1,1,2,1
2176164,1,1,5,5,1
2176622,1,1,1,1,1
2176653,2,1,2,2,1
2177353,1,1,1,3,1
2178156,2,1,1,2,1
2178375,1,1,1,1,1
2178845,2,4,1,2,1
2179309,2,3,3,4,2
2179390,1,1,2,5,4
2181260,1,1,2,5,1
2181295,1,1,1,2,1
2181357,1,1,1,2,1
2181890,1,3,5,3,1
2181924,1,4,6,4,1
2182672,1,1,4,5,1
2182918,1,4,6,6,1
2183087,2,2,2,2,1
2183120,2,2,1,1,1
2183452,2,1,3,2,1
2185202,1,5,2,3,4
2185452,1,1,5,5,1
2185634,1,1,6,5,1
2186056,1,1,5,4,2
2186271,2,2,3,4,1
2186292,2,1,1,3,1
2186293,2,2,1,2,1
2186360,2,2,1,2,1
2186460,1,1,6,6,1
2187721,1,1,1,2,4
2188237,2,2,1,2,1
2188277,2,1,2,2,1
2188367,2,1,1,2,4
2188404,1,1,6,5,1
2188408,1,1,2,2,1
2188520,2,1,3,2,1
2188525,2,1,2,1,1
2188634,2,3,2,2,2
2189210,2,2,3,2,1
2190583,1,2,2,2,2
2191045,2,1,3,4,1
2191472,2,2,2,2,1
2191473,2,4,2,2,4
2191648,1,1,1,2,1
2191690,1,4,1,2,1
2192868,1,1,6,5,1
2192906,1,1,6,4,2
2192978,1,1,1,2,1
2193012,1,1,5,6,1
2193265,1,1,1,5,1
2193338,1,1,6,3,2
2193420,2,1,2,3,1
2193479,2,5,2,2,1
2193626,1,1,6,6,1
2194397,2,1,1,2,1
2194869,2,2,2,3,1
2195426,1,4,5,6,3
2196006,1,1,2,1,4
2196237,2,4,4,5,4
2196626,2,2,1,3,1
2196695,2,2,3,4,1
2196812,1,4,2,3,1
2197377,2,4,2,2,2
2197726,1,1,3,4,4
2197837,1,1,2,2,1
2266047,2,1,1,2,1
2266324,2,2,4,4,1
2266397,2,1,1,2,1
2266407,2,3,1,2,2
2267570,1,1,4,5,2
2268002,1,1,5,6,1
2268308,1,1,2,2,1
2268805,2,1,2,1,1
2269017,2,4,1,1,3
2269029,2,1,3,3,1
2269109,1,1,3,6,1
2269205,2,1,3,3,1
2269370,1,3,5,4,1
2269405,1,3,5,4,1
2269620,1,1,6,5,1
2270018,1,1,4,4,1
2270583,2,3,4,3,1
2272132,2,4,1,2,3
2274023,2,1,1,2,1
2274030,2,6,1,1,4
2274588,1,3,6,4,2
2275149,2,3,2,2,2
2275178,2,5,1,3,3
2275236,1,3,6,4,2
2275580,1,4,2,3,2
2276365,2,1,1,1,1
2276432,2,1,1,1,1
2276649,2,1,3,2,1
2277342,2,1,3,2,1
2277499,1,1,1,2,2
2277539,1,3,2,4,1
2278437,1,1,6,3,1
2278514,1,1,5,4,2
2278581,1,1,2,2,1
2278676,1,3,2,1,1
2278882,1,4,3,2,1
2279071,1,1,2,2,2
2279718,2,4,1,1,3
2279758,1,3,3,3,1
2279791,1,3,1,2,2
2279828,1,6,2,2,4
2279844,1,4,6,4,1
2280309,1,1,6,5,1
2280746,1,4,3,4,2
2281034,1,4,6,4,1
2281141,1,1,1,2,1
2281544,2,1,1,1,1
2281583,2,1,2,2,1
2281950,2,1,2,2,1
2282581,1,1,1,3,3
2282631,1,1,1,3,1
2282816,1,4,2,2,1
2283477,1,4,6,5,1
2283588,1,6,1,3,2
2283734,1,1,1,2,2
2285504,2,5,1,1,3
2285508,2,1,1,2,1
2285559,2,4,1,2,2
2286324,1,2,5,5,2
2286839,2,2,2,2,1
2286874,1,4,1,2,2
2286933,1,1,4,5,1
2287908,1,1,2,4,1
2288594,1,2,6,3,4
2288805,1,2,6,5,1
2289348,1,1,6,5,1
2289356,1,1,1,2,1
2290082,2,5,1,2,3
2290114,1,4,1,1,2
2290394,1,4,6,5,1
2290572,1,1,6,6,2
2290644,1,1,5,4,2
2291037,1,4,2,4,1
2291134,1,3,1,3,4
2291265,2,3,6,6,1
2291309,2,1,3,5,3
2291482,1,2,5,5,1
2291780,1,4,3,3,1
2292245,2,5,1,2,3
2292444,1,1,6,6,1
2292472,1,1,6,4,1
2292482,1,1,4,3,4
2293007,1,1,1,1,2
2293365,2,6,2,3,2
2294766,2,1,1,2,1
2294949,2,5,3,2,4
2294999,2,1,2,2,1
2295002,1,5,5,5,1
2295153,2,3,3,2,1
2295287,2,1,2,1,4
2295380,1,2,2,2,1
2296000,1,1,1,1,1
2296334,1,1,2,2,1
2296966,1,1,6,6,1
2297287,1,6,1,2,4
2297335,1,1,1,3,1
2297359,1,2,2,2,1
2297469,2,1,1,2,1
2297495,2,2,3,2,1
2298775,1,1,1,1,1
2299067,1,3,1,2,1
2299212,1,1,5,3,1
2299412,1,1,2,2,1
2299682,1,4,6,5,3
2299716,1,1,6,5,1
2299735,1,4,2,2,4
2299807,1,4,1,2,1
2300306,2,2,1,2,1
2300319,2,2,2,3,1
2300399,2,2,2,2,2
2300453,2,3,3,3,1
2300546,1,1,6,6,1
2300580,1,1,6,4,1
2301157,1,1,4,4,1
2301674,2,1,5,4,1
2301678,2,1,6,6,1
2302324,2,3,1,2,2
2302343,2,6,2,1,2
2302607,2,1,5,4,1
2302623,2,1,2,3,1
2302771,1,1,6,4,1
2303317,1,2,1,3,1
2304146,1,4,6,6,1
2304252,1,1,3,4,2
2304325,1,6,5,6,1
2304454,1,1,2,3,1
2304616,1,1,1,1,1
2305130,2,4,2,4,3
2305151,2,1,2,2,1
2305349,2,1,2,3,1
2305612,2,3,4,4,1
2305638,2,4,1,2,2
2305764,1,1,5,4,1
2306229,1,5,4,3,4
2306244,2,4,2,2,2
2306279,2,1,3,4,1
2306285,2,1,1,3,1
2306340,1,5,6,6,1
2307824,2,1,1,2,1
2307837,2,1,1,3,1
2308356,1,4,6,6,1
2308538,1,1,3,4,1
2308948,2,4,5,4,1
2308950,2,4,4,4,4
2309492,1,3,6,6,1
2309771,1,1,1,2,4
2310175,1,1,1,3,1
2310273,2,1,2,3,1
2310724,2,4,2,3,1
2312502,1,1,1,3,1
2312703,2,1,2,2,1
2312724,2,2,3,3,1
2312949,2,1,1,2,1
2313722,1,4,1,1,1
2314862,1,1,1,4,3
2315268,1,1,6,6,1
2315498,2,3,2,4,2
2315861,2,4,3,5,1
2316026,1,3,5,5,1
2316663,2,1,1,2,1
2316958,1,1,2,2,1
2317908,2,5,3,4,4
2317967,2,1,1,1,2
2317978,1,1,1,2,1
2318196,2,3,1,3,2
2318743,1,2,2,4,1
2319000,1,1,1,2,1
2319986,1,1,2,3,2
2320682,2,4,2,4,4
2320898,2,6,1,2,4
2321291,1,1,1,3,1
2321336,1,4,1,3,1
2322326,1,3,2,3,4
2389932,1,1,6,4,1
2390535,2,3,2,1,2
2390586,1,4,3,3,3
2390636,1,4,2,2,3
2390906,1,1,3,5,1
2391410,1,5,2,3,4
2391477,1,1,1,2,1
2391660,1,1,5,3,1
2392438,1,5,6,6,3
2392452,1,5,1,3,1
2392583,1,1,1,1,1
2392744,1,5,2,2,1
2392850,1,1,6,5,1
2393229,2,3,4,2,2
2393964,1,1,6,4,2
2394324,1,1,5,6,1
2394372,2,1,1,2,1
2394866,1,1,3,5,4
2394949,2,1,6,5,2
2395522,1,1,3,6,1
2395612,2,1,4,3,1
2395709,2,2,2,2,1
2395952,2,1,1,2,1
2396124,1,1,2,2,2
2396162,1,1,5,6,1
2396458,1,3,3,2,4
2396570,2,1,2,2,1
2397076,2,4,4,2,4
2397610,1,1,6,3,2
2398444,2,1,1,1,1
2398948,2,4,1,1,2
2398978,1,5,1,1,3
2398990,1,1,4,3,1
2399114,1,1,5,5,1
2399534,1,1,1,2,4
2400013,1,1,2,2,1
2400405,1,3,4,3,1
2400679,1,1,2,3,1
2400852,2,6,2,3,1
2400903,2,2,2,1,1
2401069,2,6,1,2,3
2401077,2,1,1,1,1
2401136,2,5,1,2,4
2401696,1,3,3,1,4
2402217,2,1,4,3,1
2403589,2,2,3,2,2
2403650,1,1,5,5,2
2403983,2,1,1,1,1
2404021,2,3,1,2,1
2404127,2,1,1,1,1
2405965,2,3,1,1,2
2405980,2,4,4,3,1
2406268,2,3,2,2,3
2406290,2,1,3,3,1
2406838,1,4,2,2,1
2406871,1,1,2,2,1
2406897,2,1,3,3,1
2407029,1,5,1,2,3
2407196,1,3,1,2,1
2407439,2,1,6,3,3
2407605,1,1,4,1,1
2408076,1,6,5,5,3
2408266,1,4,2,1,4
2408618,1,4,5,4,1
2408984,2,1,1,1,1
2409317,2,3,3,2,1
2410413,1,2,1,1,1
2410562,1,4,6,6,1
2410668,1,1,6,5,1
2411271,2,1,2,2,1
2411372,1,4,2,1,1
2411559,2,3,1,2,1
2412069,1,1,2,2,1
2412324,1,1,2,4,3
2412362,1,4,5,6,1
2412429,1,4,3,2,1
2413174,1,2,6,6,1
2413293,1,1,2,2,2
2413496,1,1,1,1,1
2413586,1,1,6,5,4
2413783,1,2,2,2,1
2414526,1,4,1,1,1
2414556,1,1,6,5,1
2414564,1,1,2,2,1
2414954,1,1,6,3,1
2415149,2,2,1,2,1
2416413,2,1,2,2,1
2416466,1,3,5,5,2
2416660,2,4,5,6,1
2417546,1,1,4,3,1
2418266,1,1,5,6,1
2418410,1,1,1,2,1
2418664,1,1,2,1,1
2418679,1,1,2,2,3
2419140,2,2,4,4,2
2419365,2,1,3,2,1
2419535,2,6,2,2,4
2419613,2,1,1,2,1
2419724,1,6,2,3,4
2419773,1,6,3,2,1
2420332,2,2,2,2,1
2420388,1,4,6,3,2
2420864,2,2,6,5,1
2421668,1,6,3,3,2
2421844,2,4,2,2,4
2421917,2,3,2,2,2
2422044,1,1,4,2,3
2422116,1,1,6,5,1
2422468,2,1,1,4,4
2422487,2,3,4,3,1
2423558,1,4,4,6,1
2424541,2,4,2,2,2
2424797,2,4,1,2,3
2425178,1,3,6,6,3
2425472,2,4,1,2,2
2426092,2,5,6,5,1
2426114,1,4,6,6,1
2426253,1,1,5,6,1
2426741,2,3,2,2,2
2426772,2,3,2,2,1
2426781,2,3,2,3,2
2426984,2,1,2,2,2
2427026,2,1,3,3,1
2427266,1,1,5,5,1
2428759,1,3,6,6,1
2428868,1,1,4,2,1
2429762,2,2,1,2,1
2429877,2,4,3,4,1
2429906,2,4,1,2,2
2429978,2,2,2,4,1
2430009,2,1,1,2,1
2430146,1,1,5,4,1
2430702,2,3,2,2,2
2431102,1,1,1,2,1
2431730,1,1,6,6,1
2431739,1,1,2,3,1
2431952,2,2,1,1,1
2432050,1,1,3,4,1
2432210,2,1,3,4,1
2432213,2,3,1,2,3
2432882,1,1,2,3,1
2432988,1,1,4,6,1
2432989,1,1,3,4,1
2433262,1,2,6,6,4
2433943,1,1,6,6,1
2434447,1,4,4,4,2
2434948,2,1,1,2,1
2435125,2,3,1,2,2
2435140,2,1,2,2,1
2435164,2,1,3,4,1
2435197,2,2,2,2,2
2435212,2,2,5,4,4
2435312,1,1,1,1,1
2435822,1,1,1,1,2
2436455,2,1,5,5,1
2436502,1,1,6,6,1
2436668,1,1,6,6,1
2437068,2,3,2,3,2
2437425,2,1,1,2,1
2437437,2,2,1,2,1
2437596,1,1,4,6,1
2438044,2,1,4,3,1
2438210,1,1,3,6,2
2438317,1,1,3,3,4
2438335,1,4,2,2,1
2438517,2,3,2,4,1
2438546,2,3,4,6,1
2439036,1,1,2,6,1
2439322,1,1,2,6,1
2439765,1,1,1,3,4
2440130,2,1,1,3,1
2440309,2,1,1,2,1
2440557,1,1,1,1,2
2441028,2,3,2,3,2
2441069,2,2,1,3,1
2441604,2,4,6,6,1
2441882,1,4,6,6,1
2442116,1,1,4,6,1
2442252,2,3,2,3,1
2442290,2,4,1,2,2
2442292,2,2,1,2,1
2442406,1,1,4,2,1
2442537,2,3,3,3,3
2443358,1,1,1,3,1
2443461,1,1,6,5,1
2443875,1,1,2,6,1
2444365,1,1,1,2,3
2444959,1,5,2,2,1
2445317,2,1,2,3,1
2445623,2,1,2,2,1
2445668,1,1,2,1,2
2445669,1,1,2,1,1
2446058,1,1,4,4,4
2514682,1,6,2,3,1
2514916,2,1,3,3,1
2515015,1,1,1,2,1
2515117,2,2,1,2,1
2515230,2,1,2,1,1
2515720,1,1,2,2,1
2515761,2,2,2,1,1
2515861,1,4,2,3,1
2516364,1,4,6,5,2
2516959,1,1,3,3,1
2517266,1,4,6,5,1
2517894,2,1,1,1,1
2518181,2,4,3,2,1
2518191,2,3,2,2,1
2518264,1,1,3,2,1
2518785,2,1,2,1,1
2519263,1,1,3,3,1
2519316,1,3,5,4,3
2519365,2,2,6,3,1
2519579,1,5,5,3,1
2520945,2,2,2,1,1
2521449,2,4,4,1,1
2521461,2,3,2,1,1
2521493,2,3,2,1,2
2522314,1,5,1,1,1
2522862,2,2,1,1,1
2522879,2,1,6,1,2
2523324,2,1,4,2,1
2523458,1,3,5,2,4
2523636,1,5,6,4,4
2523674,1,4,6,4,1
2524007,2,2,3,2,1
2525119,1,1,1,2,1
2525310,2,4,1,1,3
2526141,2,4,1,1,3
2526678,2,2,4,1,1
2526876,1,1,6,3,1
2528042,2,5,2,3,3
2528406,2,5,1,1,3
2530421,2,1,2,1,1
2530567,1,3,1,1,3
2530756,2,3,2,3,1
2530874,1,6,4,2,4
2531325,2,2,1,1,1
2531556,1,1,2,3,1
2531820,2,1,2,3,1
2533444,2,2,1,1,1
2533557,2,5,4,2,1
2534220,1,1,6,5,4
2534631,1,1,1,2,4
2534824,1,3,1,1,1
2535140,1,3,3,4,1
2535157,1,3,3,4,1
2535677,2,5,2,2,4
2535893,2,1,1,1,1
2536471,1,4,2,1,2
2536655,1,1,1,2,1
2536727,1,4,2,2,1
2536812,1,1,5,2,1
2537532,1,5,4,4,1
2537820,1,1,4,4,1
2538589,2,4,2,1,2
2539226,1,4,6,4,1
2539533,2,3,2,1,1
2540829,2,1,2,3,1
2540855,2,2,2,1,1
2541074,2,1,2,1,2
2541087,2,5,2,1,3
2541105,2,1,1,1,1
2541242,1,2,4,5,1
2541610,1,6,2,2,1
2541681,2,5,2,2,2
2541780,1,3,6,3,2
2543402,1,1,5,4,1
2544061,2,1,2,2,1
2545197,1,3,1,1,1
2545322,2,5,5,4,3
2545335,2,1,6,3,2
2545563,1,1,1,2,2
2545983,2,4,1,1,2
2546000,2,3,1,1,2
2546055,2,1,2,1,1
2546330,2,2,2,1,1
2546426,1,1,4,4,1
2546903,2,4,4,2,1
2548952,2,1,1,1,1
2549314,1,1,1,1,1
2549972,1,1,1,1,4
2550348,1,1,6,4,2
2550538,1,2,5,5,1
2551088,1,6,3,4,1
2551125,2,2,2,2,1
2551268,1,1,3,3,4
2551404,2,1,1,2,1
2551439,2,1,5,3,2
2551473,2,3,1,1,2
2551476,2,1,1,2,1
2551518,2,1,2,1,1
2551978,1,2,2,2,1
2551990,1,1,2,2,1
2552114,1,1,2,3,1
2552552,2,1,4,4,1
2553444,1,1,5,4,4
2553516,1,1,5,4,1
2553964,2,1,1,2,1
2554182,2,1,1,1,1
2554424,2,1,1,1,1
2554508,1,1,2,2,1
2555114,2,1,1,1,1
2555649,2,3,6,6,1
2556200,1,5,2,2,1
2556218,1,1,6,6,2
2556373,2,5,1,2,3
2556423,2,3,2,1,2
2557741,2,6,3,4,1
2557756,2,1,1,2,1
2558162,1,1,6,5,1
2558310,1,4,6,6,1
2558398,1,2,2,4,1
2558594,1,1,5,4,1
2558916,1,2,6,6,1
2559109,2,2,3,3,1
2559320,2,1,1,1,1
2560700,1,2,1,3,1
2561042,1,3,2,3,3
2561565,2,3,2,3,1
2562417,2,1,2,3,1
2563418,1,3,5,6,1
2563524,1,4,3,3,1
2563701,1,1,1,1,2
2564333,2,1,4,4,1
2564354,1,1,6,5,1
2564876,1,1,2,2,1
2565444,2,4,2,2,3
2565874,1,4,4,3,1
2566062,2,5,5,6,1
2566246,1,6,2,3,1
2566279,1,3,5,6,1
2567029,2,1,1,1,1
2567196,1,1,4,3,1
2567340,1,1,6,5,1
2567604,2,6,1,1,3
2567918,1,4,3,2,1
2568682,1,4,6,6,1
2568709,1,4,5,6,1
2568741,1,3,6,5,1
2568806,1,4,2,3,1
2568854,1,1,1,3,4
2569472,2,1,2,2,1
2569751,2,2,1,1,1
2569871,2,3,1,1,3
2570096,1,3,1,1,1
2570109,1,4,3,3,1
2570624,2,3,1,1,1
2570670,2,1,2,2,1
2570940,1,1,6,3,1
2638692,1,2,6,6,3
2639090,1,3,6,4,1
2639196,1,1,6,6,1
2639317,2,6,1,1,4
2639356,2,4,2,1,2
2639601,2,2,1,2,1
2640151,1,4,2,3,2
2641284,1,1,2,3,1
2641317,1,5,6,5,1
2641610,1,1,6,3,1
2641644,1,1,5,4,1
2641788,1,1,6,6,4
2642408,2,4,1,1,2
2642743,1,3,2,2,1
2643182,1,1,1,2,1
2643205,2,2,1,1,1
2643246,2,1,2,2,1
2643815,2,4,6,3,1
2644053,1,2,3,3,1
2644466,2,4,1,1,2
2644479,2,5,1,1,3
2644501,2,3,1,1,2
2644559,2,5,1,2,1
2644596,1,3,6,3,1
2644784,2,1,1,1,1
2644989,1,6,3,2,3
2645415,2,2,2,2,1
2645865,2,4,4,3,3
2646487,1,2,4,2,1
2647453,2,1,2,1,1
2647493,2,1,2,1,1
2647647,2,4,2,2,2
2647736,2,1,1,1,1
2647802,1,1,5,4,1
2647837,1,1,4,3,2
2648124,1,1,6,5,1
2648429,2,2,1,2,2
2648872,1,2,2,1,1
2649023,2,5,1,3,2
2649060,1,1,6,6,1
2649896,2,2,2,2,1
2650599,2,1,2,2,1
2650677,1,2,1,2,1
2650749,1,1,1,2,2
2651546,1,2,5,3,1
2651757,1,1,1,1,2
2652421,2,5,3,2,3
2652479,2,4,1,1,2
2652671,2,4,2,3,3
2652853,2,1,1,1,1
2653039,1,4,1,1,2
2653613,2,2,1,2,2
2654218,1,1,3,3,2
2654796,2,1,2,1,3
2654805,2,4,2,2,3
2654964,1,6,6,3,1
2655084,2,1,1,2,1
2655198,2,4,2,1,4
2655684,1,2,6,4,1
2656802,1,2,5,4,1
2657143,1,1,2,2,1
2657484,1,4,6,4,3
2657965,2,2,3,1,1
2658148,2,1,1,1,1
2658791,2,1,3,3,1
2659981,2,4,1,1,2
2660015,2,1,2,2,1
2660092,2,4,1,1,2
2660093,2,2,2,2,1
2660917,2,1,1,2,1
2660954,2,3,3,2,3
2661084,1,1,4,3,1
2662006,1,1,6,5,1
2662164,1,3,5,3,2
2663144,2,3,1,1,1
2663820,1,2,6,5,1
2663858,1,1,2,4,1
2664789,1,1,3,4,1
2665044,1,2,6,6,1
2665064,1,1,1,2,1
2665306,1,3,1,2,2
2666018,1,2,4,5,3
2666038,1,4,2,2,1
2666135,2,3,4,3,1
2666412,1,1,5,4,4
2666604,2,4,2,2,1
2668367,2,1,1,2,1
2668413,2,6,1,2,2
2668556,1,5,2,2,1
2669042,1,5,3,4,2
2669566,1,1,1,2,2
2669940,1,3,5,4,4
2670383,2,5,2,2,3
2670389,2,2,2,1,1
2670479,2,1,1,2,1
2670490,1,2,1,2,3
2670491,1,1,1,2,1
2670678,2,3,4,3,1
2671281,2,3,2,3,1
2671326,2,1,4,3,1
2671788,2,1,2,3,2
2672498,1,1,2,1,1
2672519,1,1,1,1,2
2672786,1,1,6,4,1
2673196,2,3,1,2,1
2673431,2,1,1,2,2
2673623,2,1,4,5,1
2674935,2,2,6,6,2
2674943,2,4,1,4,1
2675152,1,4,4,4,3
2675412,1,1,6,5,1
2675943,2,2,1,1,1
2678391,2,2,3,3,1
2678552,2,4,1,1,2
2678773,2,1,1,2,1
2678812,2,1,4,5,1
2678940,1,1,6,4,1
2678960,1,3,1,1,1
2678973,1,1,3,2,1
2680183,1,1,4,5,1
2680716,2,6,2,1,1
2681111,2,6,3,2,4
2681117,2,2,1,1,1
2681653,2,5,1,3,3
2681858,1,4,4,4,1
2681890,1,1,1,2,1
2682578,1,1,5,5,1
2682612,1,1,3,5,1
2682650,1,1,5,5,2
2683116,1,1,6,5,2
2683965,2,3,1,1,2
2684628,1,1,5,5,1
2685248,2,1,6,5,1
2685488,1,4,5,2,1
2685897,2,6,1,1,4
2686010,2,1,1,1,1
2686087,1,5,1,2,3
2686256,2,1,1,1,1
2686319,2,1,2,2,2
2686970,1,1,2,5,1
2687796,1,1,2,4,4
2688962,2,1,1,1,1
2689191,2,2,1,2,1
2689208,2,3,1,1,1
2689328,1,4,1,1,1
2689861,2,3,1,1,1
2689911,2,2,1,1,1
2689989,1,2,1,1,4
2690203,1,5,1,6,1
2690432,2,4,6,5,3
2690696,1,5,6,5,1
2691157,2,3,1,1,2
2691423,2,4,2,2,2
2692020,2,1,1,1,1
2692117,1,1,1,2,1
2692540,2,3,1,1,2
2694333,2,1,1,1,1
2694392,2,5,1,2,3
2694486,1,1,6,2,1
2695053,2,5,2,1,3
2763200,1,1,2,2,2
2763226,1,4,5,4,1
2763415,1,1,6,3,1
2763661,2,1,1,1,1
2763729,2,4,1,1,2
2763986,2,1,3,3,1
2764634,2,4,3,2,2
2764892,1,1,2,2,1
2765234,1,1,4,5,1
2766592,1,4,5,4,1
2766680,2,2,1,1,1
2766824,2,1,1,1,1
2767052,1,1,2,2,1
2767096,1,5,4,3,1
2767379,1,5,1,2,4
2768042,1,3,3,3,1
2768743,1,3,2,1,1
2769220,2,2,2,3,1
2769878,1,4,2,4,1
2770293,2,2,2,2,1
2770319,2,1,5,3,1
2770596,1,1,6,5,1
2770812,1,1,3,3,1
2772063,2,3,2,2,2
2772080,2,1,2,2,1
2772152,2,1,1,1,1
2772196,2,3,1,1,1
2772324,1,1,5,3,1
2772839,2,1,3,2,1
2772846,2,4,2,1,3
2773332,1,6,6,4,2
2773442,1,1,6,5,1
2773476,1,1,6,6,4
2774429,2,2,1,2,1
2775002,2,4,3,2,4
2775023,2,1,1,2,1
2775527,2,1,1,5,1
2775557,1,5,1,1,1
2776034,1,3,6,4,3
2777308,2,1,3,2,3
2777337,2,1,1,2,1
2778084,1,1,6,3,1
2778602,2,6,6,3,4
2779092,1,4,6,5,2
2779263,2,1,1,1,1
2779343,2,3,2,1,1
2779380,1,4,6,3,1
2779607,2,3,3,2,2
2782016,2,6,2,2,3
2782061,2,1,4,4,1
2782276,2,5,1,1,2
2782415,2,2,1,2,1
2782439,2,1,2,2,1
2782461,2,4,1,1,2
2782562,2,2,1,1,1
2782639,1,4,1,1,2
2783223,2,6,1,1,4
2783647,1,1,3,4,1
2783734,1,1,3,3,4
2784797,2,4,1,1,2
2784807,2,2,1,1,1
2785268,1,2,1,1,1
2785878,2,1,4,4,1
2786708,1,1,2,2,1
2787205,2,5,3,2,3
2787429,2,2,3,2,1
2787602,2,2,1,2,1
2788352,2,1,1,1,1
2789138,1,3,3,4,1
2789596,2,4,3,1,1
2789618,2,4,1,1,2
2789687,2,2,2,2,1
2789786,1,3,6,4,3
2789877,2,1,1,1,1
2789980,2,1,2,1,1
2790180,1,3,6,6,1
2790501,1,1,2,2,1
2790525,2,1,1,2,1
2790556,2,3,4,3,1
2790671,1,1,1,2,2
2790847,1,1,2,2,4
2791260,1,1,5,4,1
2791653,1,1,6,5,3
2792385,2,5,2,2,3
2792430,2,3,1,1,2
2792817,2,2,2,2,2
2792901,2,1,4,3,1
2792930,2,6,1,1,4
2793204,1,4,6,6,1
2794175,2,1,2,2,1
2794644,1,1,6,6,2
2794952,1,4,1,1,1
2795279,1,5,1,3,4
2795685,1,3,2,2,1
2795762,1,2,2,3,1
2795782,1,1,1,1,1
2796213,2,1,2,2,1
2796554,1,5,5,5,1
2796698,1,1,5,5,1
2796732,1,1,2,6,1
2797255,1,1,6,6,2
2797581,2,1,4,4,1
2797830,2,1,1,1,1
2797983,2,2,2,2,1
2798072,2,1,1,1,1
2798111,2,3,1,1,2
2798200,1,3,4,3,1
2798720,2,4,1,1,2
2799296,2,1,6,5,1
2799452,1,1,4,6,1
2799524,1,4,4,5,4
2799573,1,3,3,4,1
2799990,2,4,1,1,2
2801013,1,2,1,1,1
2801026,1,1,4,4,1
2801196,1,1,6,4,1
2803023,2,3,1,1,2
2803034,1,1,6,6,4
2803301,2,1,3,3,1
2803949,2,6,1,2,4
2803950,2,4,2,1,2
2803990,1,1,3,3,2
2805084,1,1,6,6,1
2805132,2,2,2,1,1
2805205,2,4,1,2,2
2805246,2,1,1,1,1
2806084,2,1,1,1,1
2806202,1,1,3,4,1
2806614,2,4,4,4,1
2808165,2,2,3,2,1
2808280,1,1,5,6,1
2808484,2,2,1,1,1
2808645,1,1,3,3,2
2809514,1,6,3,3,1
2809709,2,3,5,4,4
2809892,1,2,4,6,2
2810162,1,1,6,5,1
2810357,2,1,2,1,1
2810458,1,2,1,1,3
2810692,2,3,2,3,4
2811190,1,4,2,2,1
2811293,2,1,1,2,1
2811407,1,1,1,2,1
2813166,2,4,1,1,2
2813690,1,1,5,4,1
2814261,1,1,5,6,1
2814373,1,4,4,2,1
2814848,2,2,6,5,2
2814922,1,1,4,3,1
2814986,1,1,6,3,1
2815020,1,1,6,4,1
2815612,2,1,2,1,1
2815788,2,6,1,2,4
2815797,2,2,1,2,3
2815861,2,3,1,2,1
2816474,2,2,3,2,1
2817252,1,1,6,5,3
2817398,1,1,3,5,4
2817540,1,6,2,3,2
2818564,2,3,1,2,2
2818708,2,5,1,1,1
2818710,2,1,1,1,1
2818812,2,2,4,2,1
2818853,2,6,3,2,2
2818871,2,4,1,2,1
2818936,1,4,4,4,1
2819456,2,1,1,1,1
2819495,2,6,3,2,3
2819916,1,4,6,4,2
2820037,2,6,3,3,1
2820087,2,5,4,3,3
2820095,2,6,1,1,1
2888002,1,2,3,4,1
2888144,2,2,1,1,1
2888291,1,1,1,1,1
2889028,2,2,1,2,1
2890174,1,1,2,2,3
2890919,2,3,1,1,1
2890943,2,4,1,2,1
2891286,2,3,1,1,1
2891565,1,5,1,6,1
2892037,2,1,1,1,1
2892458,1,3,2,4,1
2892613,2,1,2,2,4
2892654,2,3,2,2,2
2892780,1,1,6,5,1
2892818,1,6,2,2,1
2893319,2,1,1,1,4
2893616,2,4,1,1,2
2893620,2,3,1,2,2
2894193,2,1,2,3,1
2894397,1,1,2,3,2
2894735,2,4,5,4,1
2895156,1,6,2,4,4
2895194,1,4,6,4,2
2895957,1,4,3,2,2
2896463,2,2,1,2,1
2896551,2,1,1,2,1
2897709,1,6,1,3,2
2897797,2,4,6,5,2
2898441,2,1,1,1,1
2898444,2,4,3,2,1
2898586,1,1,1,2,1
2898844,2,1,3,2,1
2898951,1,1,1,3,2
2899337,1,1,2,1,1
2899376,2,6,2,2,3
2899880,2,3,4,3,1
2901060,1,1,6,5,2
2901079,1,1,2,2,1
2901287,2,1,1,1,1
2901722,2,2,2,2,1
2901735,2,4,1,2,2
2902404,2,1,2,1,1
2902747,1,1,1,1,1
2903022,2,1,6,4,1
2903148,1,1,6,6,1
2903194,1,4,5,4,1
2903669,2,1,2,1,1
2903679,2,1,1,1,1
2903834,1,1,6,3,3
2903985,2,2,1,2,1
2904156,1,1,3,3,1
2904573,2,1,1,2,1
2904646,1,1,1,1,1
2904698,1,4,3,3,1
2906244,1,6,5,3,1
2906445,2,4,4,3,1
2906478,2,4,1,1,3
2906649,2,1,1,1,1
2907002,1,2,5,4,1
2907020,1,2,2,2,1
2907128,1,1,1,1,1
2907933,1,1,3,2,1
2908378,1,4,5,6,1
2908808,2,1,1,1,1
2908999,1,5,1,1,1
2909306,1,1,4,5,1
2909412,1,6,6,6,1
2909764,2,1,1,2,1
2910252,2,4,2,2,1
2910636,1,1,6,6,1
2911140,1,2,5,3,3
2911178,1,5,6,3,1
2911744,1,1,5,4,2
2911900,1,1,1,1,2
2912022,2,2,1,1,1
2912103,2,4,1,2,3
2912220,1,1,6,4,1
2912248,1,1,4,2,1
2913333,1,1,2,2,1
2913588,1,3,5,5,1
2913967,1,1,3,5,1
2914868,1,1,1,2,1
2914917,1,4,1,2,4
2914974,2,4,3,3,3
2916110,1,1,1,2,1
2916434,1,1,6,4,1
2916468,1,1,4,6,1
2916631,1,6,3,3,1
2916820,2,4,6,4,4
2917071,2,2,1,1,1
2917348,2,1,1,1,1
2917388,1,1,2,2,1
2917404,1,1,6,4,1
2917952,2,4,1,1,2
2918628,1,1,6,6,1
2918756,1,5,4,5,2
2919160,1,2,6,5,2
2919290,2,1,1,1,1
2919420,1,1,5,3,1
2919506,2,1,2,3,1
2920356,1,4,2,5,1
2920710,1,1,1,3,1
2921438,1,4,1,6,1
2921546,1,1,6,5,3
2922039,2,2,3,3,1
2922244,2,3,1,2,2
2922255,2,1,1,1,1
2922300,1,4,6,5,3
2922455,2,4,4,3,1
2922489,2,3,1,1,1
2922986,1,1,5,6,1
2923269,1,1,1,1,1
2924361,2,1,1,1,1
2924474,2,2,1,1,1
2924551,1,5,2,1,4
2924668,2,4,2,1,4
2924766,2,3,2,1,2
2926730,1,1,6,2,1
2927727,2,3,2,2,1
2928365,2,2,1,1,1
2929545,2,4,1,1,2
2930114,1,3,5,6,4
2931194,1,4,6,4,4
2932396,2,4,1,2,2
2932588,2,4,3,1,4
2932613,2,1,2,3,1
2932757,2,1,3,3,1
2932956,1,1,6,2,1
2933950,1,1,1,2,2
2934085,2,1,4,3,1
2935060,2,1,4,2,1
2935748,1,4,2,2,1
2936168,2,6,4,3,4
2936800,1,1,6,6,1
2937170,1,3,6,1,3
2937580,2,3,1,2,1
2937797,2,1,2,2,1
2937818,1,1,6,6,1
2938053,2,5,2,1,1
2938084,2,1,1,1,1
2938095,2,3,3,2,2
2938140,1,2,6,3,1
2938630,1,1,4,4,1
2938644,1,1,6,6,1
2938788,1,1,6,3,3
2939985,2,2,1,1,1
2940026,2,4,1,1,2
2940117,1,1,4,3,1
2940788,1,1,1,2,1
2940849,2,1,2,3,1
2940852,2,5,1,1,3
2940950,1,1,2,5,2
2941922,1,1,6,6,4
2942061,1,1,1,2,1
2942765,2,2,4,2,2
2943540,1,1,6,5,1
2944319,1,3,2,3,1
2944334,1,4,2,3,1
3012085,1,1,1,1,1
3012489,2,1,1,1,1
3012599,2,4,2,2,3
3012602,2,1,1,1,1
3012604,2,6,1,1,4
3012660,1,3,6,4,2
3013400,1,1,2,2,1
3013729,1,1,1,1,1
3013974,2,1,5,2,1
3014570,1,2,1,2,3
3015362,1,1,5,5,1
3015551,2,1,2,3,1
3015554,2,1,1,2,1
3015558,2,1,1,2,1
3015729,2,1,2,2,1
3015767,2,1,4,3,1
3015770,2,2,2,2,1
3015839,2,1,1,1,1
3016461,2,4,2,2,2
3016503,2,1,1,1,1
3017162,1,4,6,2,4
3017287,1,4,4,3,1
3017301,1,4,3,4,4
3017556,1,2,6,4,2
3017575,1,1,2,2,4
3017877,1,2,6,2,1
3018015,2,1,2,2,1
3018780,1,2,4,3,4
3019860,1,1,6,4,2
3020535,2,2,3,2,1
3021030,2,6,1,1,4
3021645,2,2,2,2,1
3022418,1,1,3,3,1
3022634,1,1,4,4,1
3022759,1,4,2,2,1
3022876,2,4,4,3,1
3023183,2,4,5,3,1
3023189,2,1,1,1,1
3023255,2,5,3,2,3
3023279,2,2,1,2,1
3023447,1,2,4,3,1
3024002,1,6,3,2,3
3024928,1,2,6,2,1
3025665,2,5,2,2,3
3025710,2,1,1,1,1
3026070,2,2,1,1,1
3026173,2,3,2,2,1
3026556,1,1,4,3,1
3027431,2,1,1,3,1
3027438,2,1,6,3,1
3027622,1,4,2,4,1
3028113,2,1,1,1,1
3028332,2,1,1,2,1
3028603,1,1,1,1,1
3028826,1,1,5,4,1
3028980,2,3,1,2,4
3029107,1,4,1,1,1
3029220,1,1,2,4,1
3029522,2,2,4,2,2
3030071,1,1,4,6,1
3030156,1,1,6,4,1
3030890,2,1,2,3,1
3031069,2,6,2,1,4
3031164,1,1,6,4,1
3031263,2,3,2,2,1
3031418,1,1,4,3,1
3032493,1,2,1,1,1
3032748,1,1,6,6,3
3033434,1,1,6,3,4
3034260,1,1,6,4,1
3034727,2,1,5,4,1
3034927,1,1,2,1,1
3035090,1,1,5,4,1
3035195,1,1,1,1,1
3037141,1,1,3,6,1
3037823,2,1,1,2,1
3038463,2,5,1,1,2
3038636,1,1,2,2,1
3039012,1,5,6,6,1
3039300,1,3,6,4,1
3039386,2,1,3,2,1
3039389,2,3,2,2,1
3039503,1,1,1,1,2
3039868,2,5,1,2,2
3039890,2,1,4,5,1
3039914,1,1,3,5,1
3039941,1,3,1,2,1
3040706,1,1,5,4,1
3041236,2,4,5,5,1
3041621,2,6,2,3,1
3042990,2,4,6,5,1
3043637,2,1,2,1,1
3043881,2,6,2,2,2
3043919,2,1,4,2,2
3043956,2,6,1,2,1
3043972,2,3,2,4,3
3044517,1,2,2,2,1
3044541,2,4,1,2,2
3044570,2,1,3,2,1
3044591,2,1,2,2,1
3045636,1,1,1,4,1
3045674,1,6,2,2,2
3045709,1,6,1,2,1
3046400,2,2,2,2,1
3046636,2,4,4,3,1
3046833,2,2,2,2,1
3046878,2,6,3,1,4
3047024,1,4,2,1,1
3048191,2,2,1,2,1
3048346,1,4,5,6,1
3048848,2,1,1,1,1
3048853,2,6,1,2,4
3048957,1,1,1,1,1
3049181,2,4,1,2,2
3049634,1,1,3,4,1
3049652,1,6,1,2,4
3049757,2,3,1,2,1
3049850,1,2,3,5,1
3050704,1,1,6,3,1
3050714,1,1,6,6,1
3050853,1,1,6,3,4
3051639,2,4,3,3,2
3051650,1,1,5,6,1
3051804,2,3,2,1,1
3051813,2,6,2,1,2
3051999,2,3,2,2,1
3052021,2,1,1,2,1
3052162,1,5,1,1,2
3052740,2,3,2,2,2
3052836,1,1,6,3,1
3053196,1,1,6,3,1
3053575,1,4,5,6,1
3054852,1,2,6,4,1
3056550,1,1,2,3,1
3056823,2,1,3,4,1
3057028,2,2,1,2,1
3057084,1,2,6,5,1
3057167,2,1,1,2,1
3057201,2,4,2,2,3
3057327,2,3,3,2,1
3057358,1,2,4,5,1
3057410,1,1,5,4,1
3057966,2,1,2,2,1
3058053,1,1,1,1,1
3058668,1,1,6,4,1
3059188,2,1,1,1,1
3059316,1,4,6,4,1
3059354,1,4,5,2,1
3060010,1,4,3,2,2
3060794,1,3,6,5,1
3061044,1,4,3,5,4
3061261,1,1,1,2,1
3061957,2,3,3,2,1
3061994,2,1,3,3,1
3062460,2,1,5,3,1
3062500,2,4,1,1,2
3062612,1,1,2,2,1
3063232,1,1,1,1,1
3063420,1,1,3,4,1
3063530,1,3,3,3,1
3063952,1,2,4,4,1
3064413,2,1,3,2,1
3064442,2,4,1,1,2
3065364,1,5,6,4,2
3065973,1,5,4,3,1
3066372,1,1,1,3,1
3066477,1,1,2,2,2
3067137,2,4,2,2,2
3067140,2,2,4,2,1
3067394,2,1,1,1,1
3067397,2,1,2,2,1
3067684,2,1,1,1,1
3068343,2,2,1,1,1
3068750,1,2,2,2,1
3136394,1,2,6,6,1
3136447,1,4,2,3,1
3136943,2,1,2,3,1
3136996,2,2,4,5,1
3137132,1,1,3,3,1
3137196,2,1,1,2,1
3137364,1,1,6,6,1
3138012,1,1,4,3,1
3138189,1,1,2,2,1
3138482,1,1,4,5,1
3138509,1,1,1,2,1
3138934,1,6,6,5,4
3139020,1,1,5,4,1
3139078,1,2,2,2,3
3139562,1,4,5,4,1
3140221,2,3,2,2,2
3140349,1,1,3,3,2
3140927,2,1,1,1,1
3141991,1,1,2,2,2
3142215,2,2,2,1,1
3142453,2,2,1,2,1
3142494,2,5,2,2,3
3143069,2,4,1,2,1
3143162,1,1,2,5,1
3143541,2,4,2,3,2
3143954,1,1,4,3,1
3144386,1,3,6,4,1
3144935,2,3,1,2,2
3145167,2,1,1,2,1
3145367,2,1,4,5,1
3145605,1,4,3,3,4
3145644,1,1,6,6,1
3146111,2,1,3,6,2
3146114,1,1,5,4,1
3146663,2,2,4,4,1
3146762,1,1,6,6,1
3147272,2,4,1,1,3
3147482,1,5,6,3,2
3147516,1,3,5,4,1
3148192,1,5,4,3,1
3148208,2,5,3,2,4
3149244,1,4,4,6,4
3150585,2,3,1,2,1
3150623,2,1,1,2,1
3150722,1,1,5,4,1
3150756,1,3,6,4,1
3150765,1,4,2,2,1
3150938,1,2,6,5,1
3151233,2,3,2,1,2
3151764,1,1,6,5,1
3151821,2,4,6,4,1
3151871,2,3,1,2,1
3152476,2,2,5,3,2
3152498,2,2,1,1,1
3152572,2,5,1,1,3
3152684,1,4,2,2,2
3152820,2,2,1,2,1
3152871,2,1,1,2,1
3153332,1,3,1,2,2
3153368,1,1,2,3,2
3153397,2,4,1,3,3
3154356,1,6,3,4,3
3154682,1,1,4,4,1
3155738,2,1,2,3,1
3155768,2,1,1,1,1
3156460,2,1,2,3,1
3156698,1,6,3,4,1
3156732,1,3,3,4,1
3157038,2,2,6,5,1
3157237,1,1,1,3,2
3157543,1,1,1,2,1
3157758,2,2,1,1,1
3158046,2,2,2,2,1
3158244,1,1,6,5,4
3158858,1,1,4,4,1
3159036,1,1,4,4,2
3159122,2,2,4,5,1
3159972,1,1,6,4,1
3160494,2,2,1,2,1
3160511,2,1,1,2,1
3160706,2,1,1,2,1
3160709,2,4,2,2,2
3160764,1,1,6,6,1
3160885,2,6,2,2,4
3161026,1,2,1,1,1
3161620,2,2,3,3,2
3162239,2,1,2,2,1
3162439,1,2,5,6,1
3162708,1,4,6,5,1
3162764,1,1,5,6,1
3162866,2,1,1,1,1
3163112,2,3,3,2,2
3163117,2,1,1,2,1
3163394,1,1,4,4,1
3163744,1,1,3,3,1
3163773,2,2,1,2,2
3163802,2,2,3,3,1
3164277,2,3,2,3,1
3165516,1,1,6,4,1
3165637,2,4,3,2,2
3165671,2,1,1,1,1
3166119,2,1,1,3,1
3166236,1,3,6,5,2
3166524,1,1,5,5,1
3166804,2,4,3,2,2
3167316,1,6,4,4,1
3167335,1,1,3,3,1
3167605,1,1,1,1,4
3168013,2,1,1,1,1
3168050,2,1,1,1,1
3168054,2,1,1,1,1
3168166,1,1,4,3,1
3168414,2,5,2,2,2
3168920,1,4,2,2,4
3169461,2,4,2,3,1
3170984,1,1,3,5,1
3171176,2,1,1,2,1
3171189,2,3,4,2,3
3171466,1,1,1,1,4
3171526,1,4,3,2,1
3172007,2,4,3,4,3
3172586,2,2,6,4,1
3173485,2,1,1,2,1
3173557,2,2,1,2,1
3173607,2,3,1,2,2
3173724,1,1,4,5,1
3174058,1,5,2,3,4
3174086,1,1,3,4,1
3174117,1,2,2,3,4
3174674,2,2,4,6,1
3174676,2,1,5,5,1
3174677,2,4,3,4,1
3175130,1,1,5,5,4
3175269,1,1,6,6,1
3175596,1,1,5,5,1
3176113,1,1,4,5,1
3176436,2,6,1,2,4
3176476,2,1,4,5,1
3176517,2,2,4,2,2
3176524,2,4,5,3,2
3176575,1,1,3,3,4
3176604,1,4,6,6,3
3176642,1,4,3,2,1
3177036,1,2,6,6,1
3177156,2,1,2,3,1
3177452,1,1,6,3,1
3177767,2,2,5,4,1
3177828,1,1,6,6,1
3178418,2,2,1,1,1
3178452,2,3,3,2,2
3178468,2,2,4,2,2
3178514,1,1,5,6,1
3178749,2,1,1,2,1
3178799,2,4,1,2,2
3179234,1,1,4,5,1
3179242,1,3,3,4,2
3179269,1,3,2,4,1
3179648,1,1,3,2,1
3179829,2,1,2,4,1
3180448,1,2,6,6,1
3180595,1,1,2,4,1
3180818,1,3,6,5,1
3181197,2,1,5,3,1
3181223,2,1,1,1,1
3181620,2,4,1,2,4
3181621,2,1,1,2,1
3181660,2,6,2,4,4
3181826,1,2,5,3,2
3182292,1,1,5,6,1
3182618,1,1,3,6,1
3182782,1,1,1,2,1
3182854,1,1,2,3,1
3183184,1,5,5,5,2
3183247,1,3,5,5,1
3183636,2,4,3,3,2
3183674,2,3,1,2,2
3184813,1,1,4,6,1
3185426,1,1,6,5,1
3185637,1,6,5,6,3
3185677,1,1,1,1,1
3186010,1,1,3,4,1
3186154,1,5,1,3,1
3186767,2,1,1,3,1
3186916,2,1,1,2,1
3186976,1,2,2,3,4
3187028,1,4,2,2,1
3187260,1,1,5,5,4
3187520,2,3,1,3,2
3187559,2,1,3,4,1
3187653,1,1,2,3,1
3188039,1,1,2,2,1
3188196,1,1,6,6,1
3188368,1,2,4,5,2
3188963,1,6,1,1,1
3189032,2,3,3,3,3
3189124,2,5,2,3,3
3189610,1,1,3,4,1
3189764,1,3,2,3,1
3189799,1,4,5,5,1
3190184,2,1,4,5,1
3190229,2,1,2,2,1
3190394,1,4,4,4,1
3190807,1,4,6,6,1
3191364,1,1,6,4,1
3191383,1,1,2,2,3
3191596,2,1,2,3,1
3191768,2,4,1,2,3
3192004,2,1,3,3,1
3192057,2,2,1,3,1
3192061,2,3,2,3,1
3192100,2,4,1,2,2
3193148,1,4,2,2,1
3260810,1,1,6,6,1
3260916,1,1,6,5,3
3261250,1,1,2,3,1
3261295,1,1,3,3,1
3261467,1,1,2,2,1
3261608,2,2,2,2,2
3262216,1,1,2,2,1
3262245,1,1,2,2,1
3262298,2,5,3,3,3
3262806,2,3,5,3,4
3263292,1,2,3,5,1
3263671,1,6,2,2,4
3263914,1,3,2,2,2
3264388,2,3,1,2,2
3264533,2,5,3,3,3
3264573,2,1,1,1,1
3264652,2,4,4,3,3
3264741,1,1,2,2,1
3264970,1,1,1,4,1
3265380,1,5,6,6,2
3266396,1,1,1,1,1
3266407,1,1,2,2,1
3266517,2,3,2,2,2
3266548,2,4,1,2,2
3266550,2,1,1,2,1
3266908,2,4,2,2,2
3267416,1,2,2,3,1
3267566,1,1,3,5,1
3267964,2,3,1,1,1
3267983,2,1,5,4,1
3268567,1,1,6,4,4
3268586,1,1,1,2,4
3268802,1,3,5,4,3
3268946,1,4,6,6,4
3269573,2,4,2,2,3
3269717,2,3,3,3,1
3269917,1,2,4,5,1
3270465,2,2,2,2,1
3270469,2,1,1,2,1
3271644,1,2,6,6,4
3271708,2,2,4,3,1
3272018,2,1,3,2,1
3272093,2,4,1,2,2
3272554,1,5,3,3,4
3272710,1,1,1,2,1
3272724,1,6,6,6,1
3272830,1,2,6,4,4
3273084,1,1,4,5,1
3273129,2,4,4,4,1
3273174,2,4,5,5,1
3273837,1,1,1,1,4
3273838,1,1,1,6,1
3274020,1,4,6,4,2
3274928,2,1,2,3,1
3276094,1,4,1,2,4
3276188,1,1,5,3,1
3276434,1,2,1,3,4
3276877,2,1,1,1,1
3276949,2,2,1,2,1
3277274,2,2,2,2,1
3277403,1,1,2,5,1
3277808,2,1,3,3,1
3278052,1,3,3,4,4
3278325,2,1,2,3,1
3278351,2,4,6,6,1
3278844,1,1,3,5,1
3278954,1,3,1,3,4
3279385,1,1,1,1,1
3279466,1,4,2,2,3
3279940,2,1,1,2,1
3280116,2,2,1,1,1
3280572,1,1,5,5,1
3280832,2,3,1,2,2
3280951,1,3,4,3,4
3281135,1,2,1,2,2
3281292,1,1,6,5,1
3281421,2,5,3,2,1
3281450,2,1,6,5,1
3281905,1,1,2,3,1
3281910,1,1,1,2,2
3282132,2,1,3,3,1
3282167,2,5,2,2,4
3282364,2,4,2,2,2
3282479,2,1,1,2,2
3282922,1,5,2,2,4
3283034,2,5,3,3,4
3284532,1,3,6,6,3
3284676,1,1,6,5,1
3284908,2,1,1,2,1
3285122,2,1,1,2,1
3285412,2,2,1,1,1
3286061,2,1,1,2,1
3286534,1,1,4,2,2
3286802,1,3,2,3,1
3286836,1,1,5,6,1
3286869,1,1,3,3,2
3287282,2,4,1,1,2
3287382,1,1,1,1,1
3287470,1,2,5,3,4
3287541,2,1,1,1,1
3288106,1,5,3,3,2
3288152,1,3,2,3,1
3288215,2,4,4,5,4
3288242,1,2,3,3,2
3288684,2,4,2,3,1
3289282,1,4,2,6,1
3289358,1,1,3,2,1
3289546,1,1,2,1,2
3289951,1,1,2,2,1
3290092,2,1,1,2,1
3290594,2,1,1,1,1
3290656,1,4,1,2,1
3291660,1,1,6,6,1
3291831,2,1,6,5,1
3292470,2,2,1,1,1
3292500,2,6,2,2,2
3292562,1,1,5,5,1
3292784,2,6,1,2,4
3293399,2,5,4,3,4
3293461,1,1,1,2,1
3294454,1,4,6,5,1
3294573,1,4,2,4,1
3294598,1,1,2,1,1
3295125,1,4,2,2,1
3295492,2,1,1,2,1
3295874,1,1,5,5,1
3295894,1,1,5,4,1
3296018,1,1,6,5,1
3296306,1,1,3,5,1
3296810,1,1,3,4,1
3297232,1,1,4,4,1
3297458,1,1,6,6,1
3297583,1,1,3,3,1
3297769,1,3,3,2,1
3298549,2,5,1,2,3
3298702,1,4,4,5,2
3299508,1,1,3,6,2
3300156,1,1,6,6,1
3300510,1,1,2,2,4
3300777,2,3,2,2,2
3300789,2,6,4,3,1
3300892,2,3,3,4,1
3300933,2,1,3,3,1
3302903,2,6,2,3,4
3302908,2,1,2,2,1
3302984,1,4,1,1,1
3303396,1,3,6,6,1
3303814,1,2,1,3,2
3304245,2,2,2,3,1
3304442,1,4,5,6,1
3304981,1,1,2,2,1
3305862,2,3,1,2,1
3305999,2,3,1,2,2
3306015,2,1,2,4,1
3306148,2,4,1,1,2
3306149,2,2,3,2,1
3307212,1,3,6,6,4
3307328,2,1,4,4,1
3307702,1,1,4,4,1
3308148,1,2,6,3,1
3308156,1,4,2,3,1
3308834,1,1,3,5,1
3309156,1,1,2,5,4
3309460,2,1,5,3,1
3309825,1,1,2,3,1
3309948,1,1,6,5,2
3310341,1,1,2,3,1
3310687,1,3,1,2,1
3310839,2,1,3,5,1
3311236,2,2,2,3,1
3311308,2,4,4,6,2
3311980,2,2,2,3,1
3313448,2,6,2,3,3
3313487,2,4,5,6,1
3313492,2,1,4,4,2
3313533,2,4,1,3,2
3313564,2,5,3,3,3
3313662,1,6,6,6,1
3314234,1,2,3,5,3
3314268,1,1,4,4,2
3315332,1,3,3,3,1
3316012,2,6,1,2,4
3316014,2,4,1,2,2
3316204,2,3,4,5,1
3316226,2,1,1,2,1
3316341,2,5,4,4,4
3316472,2,2,1,2,1
3317140,2,3,3,4,1
3317697,2,1,6,6,1
3385756,2,4,4,3,1
3385852,2,4,1,1,2
3385878,1,1,1,2,3
3386141,2,6,1,1,3
3386247,1,1,1,2,1
3386685,2,5,1,2,2
3386738,1,3,2,2,1
3387420,1,4,4,4,1
3387778,1,1,2,6,1
3387910,1,1,2,2,1
3388038,1,1,2,2,1
3388042,1,1,2,1,1
3388545,2,4,2,2,2
3388773,2,1,2,2,1
3388799,2,1,2,3,1
3389132,1,3,2,2,1
3389176,1,1,4,3,1
3389330,1,1,6,4,1
3389638,1,4,4,3,1
3389678,1,6,1,1,2
3390277,2,1,6,3,1
3390316,2,1,5,3,1
3390549,1,5,3,4,1
3391034,2,3,1,1,1
3391856,2,1,2,2,1
3391861,2,2,1,2,1
3391876,2,3,1,2,4
3391975,1,3,3,2,1
3392307,1,5,1,4,1
3392518,1,1,4,2,1
3392532,1,1,6,4,1
3392714,1,1,5,4,1
3392786,1,4,4,3,1
3392848,1,4,6,4,2
3393022,1,1,2,2,1
3393329,1,1,1,1,1
3393774,2,1,1,1,1
3394199,2,3,4,2,1
3394277,2,1,4,2,1
3394404,1,3,5,3,1
3395461,2,3,6,2,4
3395686,1,4,2,3,1
3396503,2,3,3,1,1
3397000,1,1,1,2,1
3397548,2,4,2,1,1
3398167,1,4,6,3,1
3398176,1,4,6,3,1
3399141,2,1,2,1,2
3399183,2,1,1,1,1
3399314,2,1,1,2,1
3399386,2,1,2,1,1
3399390,2,5,4,1,2
3400006,1,1,3,2,1
3400103,2,1,3,1,1
3400150,1,1,1,1,1
3400615,1,3,4,3,4
3400912,1,1,4,3,1
3401028,1,1,6,4,2
3401872,1,1,2,1,2
3402228,2,1,1,1,1
3402269,2,1,1,1,1
3402324,1,4,6,3,4
3404354,2,1,1,1,1
3404570,2,1,2,1,1
3404600,2,1,1,1,1
3406231,1,4,6,3,2
3406394,1,1,6,5,4
3406618,1,3,1,2,2
3406833,2,1,1,1,1
3407408,2,1,3,2,1
3407713,1,4,1,3,1
3407834,1,1,6,4,1
3408194,1,1,5,4,1
3408554,1,3,1,2,1
3408679,1,1,4,2,1
3409839,2,5,2,2,3
3409960,1,1,1,2,1
3409975,1,1,1,2,1
3410437,2,3,1,1,2
3410476,2,1,2,2,1
3410878,1,1,1,2,1
3411540,1,4,6,2,4
3411741,2,2,2,3,1
3411783,2,5,2,1,3
3411812,1,4,2,2,1
3411990,2,1,4,3,1
3412596,2,1,1,2,1
3413408,1,1,1,2,1
3413556,1,1,2,4,1
3413719,1,6,6,4,1
3414503,2,1,1,1,1
3414726,2,3,1,1,2
3414897,2,1,2,2,1
3414935,2,4,4,2,4
3414973,2,4,2,2,1
3415031,2,1,2,2,2
3415700,1,4,4,1,2
3416197,2,4,5,5,1
3416255,2,1,2,2,1
3416436,1,2,5,4,3
3417732,1,3,6,3,4
3417815,2,4,3,1,1
3417822,2,1,4,2,1
3417862,1,1,1,1,1
3417981,1,1,3,3,1
3418202,1,1,5,6,1
3418322,2,5,4,4,1
3419176,1,4,1,2,1
3419661,2,1,4,3,1
3420100,2,5,3,3,4
3420236,1,5,2,2,1
3420804,2,3,2,1,2
3420805,2,1,1,1,1
3420886,1,4,2,2,1
3420938,1,1,6,6,3
3421514,1,5,6,5,1
3422096,2,2,1,1,1
3422101,2,4,1,2,2
3422109,2,4,3,2,1
3422385,2,6,1,1,3
3422964,2,1,1,1,1
3423465,2,6,4,4,4
3423530,1,1,3,5,2
3424140,1,1,6,5,4
3424213,1,1,1,1,4
3425319,2,1,1,2,1
3425940,1,2,6,3,2
3426026,2,1,1,2,1
3426606,2,4,6,6,2
3427399,1,3,1,2,2
3427613,2,5,1,2,1
3428133,1,3,2,2,1
3428230,1,6,1,2,4
3428316,1,1,4,4,3
3428786,1,1,4,5,1
3428930,1,3,4,6,1
3429350,1,1,1,4,1
3429506,1,3,5,4,1
3431157,1,4,4,5,1
3431612,1,6,2,3,2
3431881,1,3,1,1,1
3431882,1,2,6,3,1
3432724,2,4,4,5,1
3433533,1,3,4,6,1
3433871,2,1,5,4,1
3433898,1,1,3,5,1
3434292,1,1,2,5,1
3434422,1,4,6,6,2
3435455,2,4,2,2,2
3435461,2,4,2,2,1
3435677,2,1,1,1,1
3435678,2,1,3,2,1
3435687,2,3,1,2,1
3435909,1,4,3,1,1
3436415,2,6,1,1,1
3436941,2,1,6,5,1
3437434,1,1,1,1,1
3437652,2,2,3,2,1
3438141,1,1,5,6,4
3438557,2,1,1,1,1
3438671,1,3,1,1,1
3438814,1,3,4,2,2
3439908,1,4,6,2,1
3440204,1,4,1,3,1
3440426,2,5,2,3,3
3440430,2,2,1,2,1
3440799,2,1,3,3,1
3440817,2,3,2,2,2
3440836,2,3,2,2,1
3440855,2,1,4,3,1
3440860,2,4,3,3,1
3440943,2,4,3,2,2
3440954,1,5,5,2,3
3442156,2,1,3,3,1
3509767,1,4,5,3,1
3510357,1,4,4,3,2
3510482,2,3,3,3,2
3510512,2,1,1,1,1
3511132,2,1,3,1,4
3511288,1,2,5,2,1
3512728,1,4,6,4,2
3513015,2,3,3,3,2
3513333,2,6,4,2,2
3513636,1,5,6,3,1
3514428,1,1,3,4,1
3514693,2,1,2,2,1
3514916,1,4,4,3,1
3515186,1,4,6,3,1
3515263,1,1,1,1,1
3515276,1,4,5,3,1
3515412,2,2,2,2,1
3515452,2,2,1,1,1
3515555,1,1,1,1,1
3515709,2,3,1,2,2
3515796,1,1,6,5,4
3515834,1,3,3,2,1
3516247,1,6,2,2,2
3516277,2,6,1,2,4
3516314,2,2,3,1,1
3516821,2,2,3,1,2
3517657,1,4,1,2,1
3518189,2,4,3,2,4
3518415,2,1,1,1,1
3518653,2,3,2,1,1
3518768,1,5,1,2,1
3519309,2,2,2,2,1
3519335,2,2,3,2,1
3519789,1,1,1,1,1
3519911,2,5,5,3,3
3520525,2,1,1,1,1
3520631,2,2,2,2,1
3520730,1,2,6,3,1
3521090,1,5,4,4,1
3521469,2,5,1,2,3
3521594,1,2,3,2,1
3521661,1,1,3,3,1
3522583,1,4,6,4,1
3522759,1,1,5,5,2
3522871,1,1,2,1,1
3523114,1,4,2,2,1
3523383,2,1,3,3,1
3523833,2,6,1,2,4
3523906,1,2,1,1,1
3525319,1,4,5,4,2
3525328,1,1,4,2,1
3525821,2,3,2,1,1
3525876,1,4,6,3,2
3526064,2,4,1,1,2
3526685,2,1,1,1,1
3526726,1,3,1,1,2
3527183,2,4,5,4,1
3527918,1,1,2,2,3
3528324,1,1,6,3,1
3528914,2,1,1,2,1
3528989,2,1,1,1,1
3529135,1,4,1,1,2
3529158,1,4,1,1,1
3529653,1,1,4,4,1
3529665,2,1,2,1,1
3529708,2,2,2,2,1
3530240,2,3,6,4,2
3530284,2,2,1,3,1
3531132,1,1,6,3,1
3531218,2,3,3,2,4
3532374,2,6,4,4,1
3533077,1,1,1,1,1
3533741,2,2,4,3,2
3534012,1,1,6,5,2
3534095,2,3,1,2,2
3534128,2,6,2,1,4
3534244,2,4,1,1,3
3534890,2,1,1,1,1
3535424,2,6,6,5,3
3535701,1,1,3,3,1
3535956,1,4,6,3,1
3536210,1,1,5,5,1
3536432,2,6,1,1,4
3537362,1,1,6,6,1
3537525,2,3,2,3,1
3537554,2,1,4,3,1
3538207,1,1,4,4,1
3538216,1,1,3,2,1
3539282,2,5,1,2,4
3539285,2,1,3,3,1
3540033,2,2,2,1,1
3540478,1,1,1,1,2
3540597,1,1,6,5,1
3540613,2,6,6,5,3
3541590,2,1,4,2,1
3541808,1,3,5,4,1
3541860,1,1,6,6,4
3542114,1,3,4,4,2
3542196,2,2,1,1,2
3542350,1,1,3,2,1
3543012,1,1,6,5,1
3543572,1,1,2,2,1
3544293,2,1,3,2,1
3544706,1,2,5,4,1
3545138,1,1,3,3,1
3545158,1,1,3,1,1
3546055,1,6,5,5,1
3546444,2,2,2,1,1
3546586,1,4,1,2,4
3546631,1,2,1,1,1
3546733,2,1,1,2,1
3546813,2,5,1,2,3
3546842,2,1,2,1,1
3546844,2,2,2,2,1
3547381,2,2,1,2,1
3547980,1,1,6,5,4
3548512,1,3,6,6,1
3548557,1,1,1,2,1
3549663,2,1,2,3,1
3549885,1,4,3,3,1
3550356,1,1,4,3,1
3551625,2,2,1,1,1
3551629,2,3,1,1,1
3552026,2,1,2,1,1
3552516,1,2,6,5,1
3553975,1,4,1,2,1
3554100,1,1,5,6,1
3554792,2,4,2,1,3
3554903,2,4,4,5,2
3554906,2,4,2,2,1
3554936,2,4,1,1,2
3555055,1,2,1,1,1
3555650,1,1,4,3,1
3556072,1,1,2,3,4
3556082,1,1,3,4,1
3556880,2,3,1,1,1
3557614,1,1,4,3,1
3557872,1,1,1,1,1
3558026,1,1,5,5,4
3558962,1,2,3,4,1
3559436,1,5,1,2,2
3559466,1,1,5,3,1
3559836,2,1,2,2,1
3559877,2,3,2,2,1
3560015,2,3,1,1,2
3560376,1,1,1,1,1
3560772,2,2,2,2,1
3561562,1,3,5,4,1
3562164,1,1,6,3,1
3562352,2,5,1,1,3
3562365,2,2,1,1,1
3562394,2,1,2,1,1
3562973,2,4,1,2,2
3563820,1,1,6,4,2
3564298,1,5,1,1,4
3564343,1,4,1,1,3
3564804,2,4,4,3,1
3564863,2,1,1,1,3
3565016,2,3,1,1,1
3565277,2,2,1,1,2
3565343,2,1,1,2,1
3565349,2,1,2,2,1
3565359,2,3,2,2,1
3565412,1,1,2,1,4
3565496,1,1,4,3,1
3565994,2,2,1,1,1
3635087,1,5,2,3,1
3635444,1,4,1,1,3
3635509,2,5,1,2,3
3635543,2,4,4,3,1
3636722,1,6,2,3,4
3637782,2,2,1,1,1
3637791,2,3,2,3,2
3637813,2,2,1,2,1
3639104,2,1,6,4,1
3639204,1,1,6,5,2
3639335,1,4,3,4,1
3639797,2,1,2,1,1
3640044,2,6,1,1,4
3640053,2,1,1,1,1
3640322,1,1,5,4,4
3640648,1,2,1,1,1
3640701,2,1,1,2,1
3640847,1,1,1,1,4
3641238,2,4,4,2,2
3641285,1,1,1,1,1
3641724,1,3,3,3,3
3641796,1,1,3,4,1
3642084,1,1,6,3,1
3642780,2,5,3,1,4
3642820,2,1,1,2,1
3642876,1,1,6,5,1
3643103,2,3,1,2,1
3643669,1,1,3,4,1
3644858,1,1,6,3,1
3645359,2,2,2,2,1
3645794,1,4,4,3,3
3645802,1,3,2,2,1
3645958,1,1,1,2,1
3646154,1,1,4,3,1
3646802,1,4,4,2,1
3647018,1,1,1,2,1
3648006,2,5,1,1,3
3648290,2,3,1,2,1
3648439,1,1,1,2,1
3648938,2,5,1,1,3
3649389,1,2,1,2,1
3650140,2,4,3,3,3
3651228,1,1,4,4,2
3652195,1,4,3,6,4
3653148,2,5,3,2,4
3653334,2,1,1,1,1
3653437,2,1,2,2,1
3653445,2,4,3,2,4
3653487,2,3,2,2,2
3653506,1,4,1,1,2
3653570,1,4,4,3,1
3653604,1,2,5,3,3
3653786,1,1,6,3,1
3654180,1,2,6,4,1
3654375,1,1,1,2,4
3654661,2,3,6,5,1
3655343,2,1,2,2,1
3655346,2,1,1,1,1
3655389,2,1,2,1,1
3655418,2,3,1,1,2
3655593,2,1,3,2,1
3655703,2,2,3,2,1
3655710,2,3,2,1,1
3656162,1,1,3,4,1
3657367,1,1,6,4,2
3657620,1,1,1,1,1
3657667,1,1,5,3,1
3658158,2,2,1,1,1
3658367,2,2,2,3,1
3658373,2,1,2,2,1
3658549,2,1,1,2,1
3659004,1,1,6,6,2
3659269,2,6,1,1,4
3659392,1,2,1,1,1
3659690,1,3,3,3,2
3660084,1,3,5,5,1
3660580,2,3,3,5,1
3660634,1,5,1,1,4
3660660,1,4,6,4,2
3660887,2,1,3,2,1
3660948,1,1,6,6,2
3660986,1,4,3,5,4
3661308,1,1,6,5,4
3661428,2,6,1,2,2
3661557,1,1,1,2,1
3663297,2,1,2,2,1
3663772,2,6,1,1,1
3663800,2,1,1,1,1
3663846,2,1,1,1,1
3665744,2,1,1,1,1
3665745,2,3,1,1,2
3665749,2,2,1,2,1
3665807,2,1,1,1,3
3665965,2,1,1,2,1
3665999,2,1,5,3,1
3666074,2,2,2,1,2
3666232,1,1,5,5,1
3666242,1,1,4,6,1
3666652,2,1,3,3,1
3667970,1,1,4,1,2
3668258,1,1,6,6,1
3668480,2,4,2,2,2
3668526,2,1,1,1,1
3668546,1,1,6,3,1
3668697,2,2,1,1,1
3668916,2,1,1,2,1
3668985,2,6,1,1,3
3669004,2,1,4,4,1
3669678,2,1,2,1,1
3669698,1,5,5,3,3
3670426,1,2,5,2,1
3670472,1,5,5,4,1
3670856,2,1,1,1,1
3670869,2,2,2,2,1
3671217,2,3,1,1,2
3671262,2,3,2,1,2
3671793,2,1,2,2,1
3671834,2,1,3,2,1
3671925,1,3,1,2,2
3672301,2,4,3,4,3
3672341,2,4,3,3,2
3672827,1,1,1,1,1
3673460,1,1,3,2,4
3673710,2,4,1,1,2
3673919,2,3,3,3,2
3675260,1,4,1,2,1
3675393,2,4,4,5,1
3675534,1,1,1,2,1
3675967,1,6,1,1,1
3676103,2,6,1,1,2
3676113,2,6,1,1,4
3676284,1,1,6,3,1
3676405,2,6,1,2,4
3676980,2,3,1,2,1
3677077,1,1,1,3,2
3677480,2,1,4,4,1
3677525,2,3,2,3,1
3678849,2,2,2,2,1
3678861,2,3,4,3,1
3678868,2,3,4,4,1
3679065,2,4,1,1,2
3679300,2,3,2,3,1
3679471,1,3,1,1,2
3680004,2,1,2,2,1
3680446,1,4,1,2,1
3680804,1,4,4,6,1
3681268,2,4,1,1,2
3681554,2,4,3,4,3
3682442,1,1,5,6,1
3682980,1,1,6,6,1
3683267,1,1,5,6,1
3683342,1,1,1,1,1
3683700,1,1,5,5,1
3684292,2,1,1,2,1
3684311,2,4,1,1,1
3684620,1,2,2,2,1
3685228,2,1,2,2,1
3686428,2,3,4,2,3
3686554,1,1,1,1,1
3686810,2,2,2,1,1
3687849,2,1,4,4,1
3687861,2,1,2,3,1
3687892,2,3,5,3,4
3689220,2,2,4,3,1
3689229,2,1,4,3,1
3689433,2,2,1,1,1
3689576,2,5,1,2,3
3689892,1,2,5,3,1
3690410,2,4,1,1,2
3758690,1,1,5,6,4
3759028,2,4,1,1,3
3759061,2,1,1,1,1
3759156,1,2,6,4,1
3759344,2,1,1,1,1
3759364,2,2,3,3,1
3759986,1,1,2,3,1
3760079,1,4,2,4,1
3760092,1,1,4,2,2
3760152,1,1,1,1,1
3760850,1,4,4,3,1
3762009,2,3,1,1,1
3762012,2,3,3,1,1
3762415,1,1,1,1,1
3762989,2,3,1,2,3
3763072,1,2,1,1,2
3763559,2,1,3,3,1
3763586,1,1,6,2,1
3764476,2,1,2,2,1
3764529,2,2,1,1,1
3766466,1,1,4,2,1
3766474,1,5,1,1,1
3766610,1,2,6,3,1
3766663,1,1,4,1,4
3766754,1,4,6,2,4
3767018,2,1,2,3,1
3767234,2,3,1,2,2
3767454,2,1,3,2,1
3767500,2,5,4,1,1
3767546,1,3,5,2,2
3767671,1,1,1,1,1
3768141,2,4,2,2,2
3768554,1,1,3,3,1
3768717,2,4,6,6,1
3769164,1,1,6,1,2
3769353,2,3,1,1,2
3769751,2,1,3,2,1
3770230,1,1,4,2,1
3770354,1,1,2,3,1
3770389,1,1,1,3,1
3770544,1,1,6,4,1
3770792,2,2,4,3,1
3770834,2,4,4,2,3
3771394,1,3,2,6,1
3771429,1,4,6,3,1
3771454,1,4,2,3,1
3772202,2,4,2,3,2
3772389,2,6,3,2,4
3772418,2,1,1,1,1
3772836,1,1,5,3,1
3772908,1,2,6,5,3
3772980,1,3,6,6,4
3773431,1,4,4,3,1
3774466,1,1,2,5,1
3774717,1,1,1,1,4
3774727,1,1,1,1,1
3775417,1,1,1,2,1
3775518,2,3,4,3,1
3775538,1,2,2,3,2
3775996,2,1,1,1,1
3776945,1,1,1,2,1
3777815,2,3,3,3,1
3777821,2,1,1,2,1
3777887,2,3,1,2,2
3777914,1,1,5,2,1
3777968,1,1,1,1,1
3778020,1,2,5,3,1
3778942,1,1,1,1,1
3779073,2,1,6,6,1
3779642,1,1,6,4,1
3779766,2,4,1,1,2
3780290,1,6,4,4,1
3780601,1,4,2,1,2
3780698,2,1,3,2,1
3780719,2,1,3,3,1
3781792,1,5,6,4,3
3781837,1,1,1,2,1
3781941,1,1,1,2,1
3782783,2,6,2,3,3
3782893,2,4,3,2,1
3782932,2,1,1,1,1
3783071,2,1,1,2,1
3783348,1,1,6,5,3
3784946,2,1,1,1,1
3784989,2,1,2,2,1
3785104,1,1,4,2,1
3785114,1,1,6,4,1
3785197,2,4,2,2,3
3785968,1,3,2,2,2
3787058,1,1,2,2,1
3787452,1,1,6,6,2
3787490,1,2,6,5,1
3787533,1,1,2,3,2
3787767,2,1,3,3,1
3788255,2,4,1,1,3
3788354,1,1,6,2,1
3788906,2,2,1,1,1
3789362,1,3,4,3,4
3791029,2,3,1,2,1
3791529,2,3,3,5,1
3791666,1,1,4,4,1
3793333,2,1,1,2,1
3793446,2,5,1,1,3
3793520,1,3,1,1,1
3793970,1,1,3,4,1
3795364,2,1,4,3,1
3795602,2,2,2,3,1
3797210,1,1,6,6,1
3797426,1,1,2,5,1
3797532,1,1,5,6,1
3798558,2,5,3,1,1
3798585,2,1,1,1,1
3799190,1,1,3,5,1
3799233,2,1,2,1,1
3799863,2,2,3,3,1
3800091,1,1,1,1,4
3800469,2,2,2,2,1
3800498,2,2,1,1,1
3800570,2,2,1,1,1
3800745,2,1,3,2,1
3800757,2,6,1,1,4
3800861,2,2,1,2,1
3801367,1,1,2,2,1
3801493,1,1,2,2,1
3801564,1,2,4,6,1
3801624,1,1,1,1,3
3801900,2,4,1,2,1
3802573,1,3,1,2,4
3802907,1,1,2,1,1
3803309,2,4,4,2,1
3803740,2,2,3,3,1
3803887,1,5,1,1,1
3804338,1,1,2,4,1
3805183,1,1,3,2,1
3805220,1,4,4,6,1
3805682,2,3,1,1,2
3805757,2,1,2,1,1
3805983,2,3,2,2,1
3806013,2,4,1,2,2
3807794,1,3,3,4,4
3808116,1,3,4,5,1
3808351,1,4,1,2,4
3808490,2,3,2,3,2
3808560,1,6,1,1,1
3808952,2,4,1,1,2
3809582,1,5,2,4,4
3809644,2,1,2,2,1
3809646,2,4,2,1,2
3810348,1,1,6,5,1
3810386,1,1,1,2,1
3810420,1,2,5,4,1
3810550,1,1,4,3,1
3810879,2,1,1,1,1
3810896,2,1,1,1,1
3811154,2,1,3,3,1
3811184,2,4,1,1,2
3811228,2,4,3,2,3
3811802,2,3,3,2,1
3811826,1,2,2,3,1
3811934,1,1,1,2,1
3812186,1,3,5,5,1
3812618,1,4,5,5,1
3812854,1,3,6,5,1
3813848,2,1,1,1,1
3813887,2,4,2,3,2
3814149,2,4,4,3,1
3814175,2,4,1,1,2
3814201,1,2,2,1,1
3814255,1,5,1,1,3
3814328,1,1,1,2,1
3814524,1,1,5,3,1
3814789,2,4,1,1,2
3814826,2,5,1,1,3
3814854,1,6,5,3,4
3815066,1,2,3,3,1
3815230,1,2,1,1,3
